fast,slow,tag,sharpe,excess_sharpe
10,150,10/150,0.8207643460578709,-0.23434783462834513
20,150,20/150,0.8008183483345425,-0.23799802405592557
5,150,5/150,0.8002220915815829,-0.2524681831956747
10,100,10/100,0.7599825222596436,-0.2779465474551187
50,100,50/100,0.7576424280825619,-0.25209657433601507
5,100,5/100,0.7567558584003811,-0.2825143356016939
10,200,10/200,0.7497086951890541,-0.2889030158784382
20,100,20/100,0.7458073850017282,-0.2782552081638231
5,50,5/50,0.7423790430390322,-0.2935808020648612
5,200,5/200,0.7329983290788559,-0.30110701069209517
50,150,50/150,0.7289550011253159,-0.267420881308461
100,250,100/250,0.7131379764258897,-0.2554584332006152
10,250,10/250,0.7011672853295857,-0.32271360250621234
20,250,20/250,0.6928515918072123,-0.3181557774834715
20,200,20/200,0.6909869559254581,-0.31743398938890316
5,250,5/250,0.683077021446101,-0.3371163528021909
10,50,10/50,0.6620385272175976,-0.34088730283489693
20,50,20/50,0.652573499907545,-0.34239543428620756
100,150,100/150,0.6358564856846538,-0.33243614271384647
50,200,50/200,0.6170755190247471,-0.34786575770386235
50,250,50/250,0.6070557065838614,-0.35887844948789194
100,200,100/200,0.6065905374887933,-0.3536170679785381
