name,ann_return,ann_vol,sharpe,sharpe_gross,max_drawdown,ann_turnover,ann_cost_drag,vs_bh_sharpe,ci_low,ci_high,p_beats_bh,p_mean_excess,p_holm,p_bh_fdr
sixty_forty,0.08561176356788236,0.11431918728703444,0.7757773387244121,0.7789691086547468,-0.2998148083245439,1.4540961359241569,0.0003635240339810392,0.14099408520350565,-0.07486646390514799,0.3557983420091144,0.096,0.5033333333333333,0.672,0.384
inverse_vol,0.07181872538886092,0.09817667533889829,0.7556530325367727,0.7638174378574101,-0.24013605791414583,3.223351966659655,0.0008058379916649141,0.12086977901586626,-0.004116234894332646,0.24230935333929568,0.027666666666666666,0.944,0.22133333333333333,0.22133333333333333
inverse_vol__voltgt10,0.07233004165901935,0.10713830874793052,0.7055848020566111,0.7500899317714892,-0.2088400904608284,5.769502296435888,0.004752675245936314,0.07080154853570464,-0.1498589710884115,0.2812389678206493,0.26766666666666666,0.8463333333333334,1.0,0.7137777777777777
tsmom_12m_long_only,0.04764565872484927,0.07731097842473877,0.6408312602879136,0.6621297032222144,-0.12165693272334921,6.5413490364926705,0.0016353372591231673,0.006048006767007119,-0.3138844375981907,0.3502195375475124,0.505,0.9713333333333334,1.0,1.0
buy_and_hold_EW,0.08219054959683847,0.1398729534573941,0.6347832535209065,0.6378345251096552,-0.39243710605224413,1.7023151834540904,0.0004255787958635226,0.0,0.0,0.0,1.0,1.0,,
tsmom_12m_LO__voltgt10,0.05480993084312069,0.09864125416158638,0.5904523348123294,0.6326398225370621,-0.17970337830169514,11.438005095295784,0.004136584930588246,-0.04433091870857708,-0.3881191146905496,0.32246847689419295,0.622,0.9283333333333333,1.0,0.9952
xsmom_12_1_top2,0.06478863995580642,0.16777379499424072,0.45850882380984204,0.5095626744891864,-0.3938189085078212,34.285445042670894,0.008571361260667721,-0.17627442971106444,-0.5468806190042954,0.19685861231816468,0.832,0.658,1.0,1.0
tsmom_12m_long_short,0.007775325368459152,0.12185205408221149,0.12467769628095944,0.16486700610525473,-0.38179042452679124,13.400074528500415,0.004891003893582806,-0.510105557239947,-1.135472027648049,0.10047969266320515,0.948,0.9653333333333334,1.0,1.0
meanrev_5d,-0.0029335777482043524,0.058707407803636806,-0.0207165662721195,0.5649135167933609,-0.36921704031186053,134.913771091038,0.03464161189179189,-0.655499819793026,-1.3188681275886593,-0.03157469702922799,0.9796666666666667,0.9973333333333333,0.9796666666666667,0.9796666666666667
