tag,sharpe
20/250,1.2480334792539556
50/150,1.2451631663308085
50/100,1.237473742428654
20/200,1.2079020823579953
50/200,1.1951939530041582
5/150,1.1900492851579403
10/200,1.1854729447464447
10/150,1.1738889041539087
50/250,1.1721139924063042
100/150,1.1645686679706122
10/250,1.1503734617162544
100/250,1.1490511432836406
10/100,1.1446397900608118
100/200,1.1428943153561435
20/150,1.1219112223542391
5/200,1.1087314423481662
5/250,1.0902896382747775
20/100,1.0765105011957998
5/100,1.053401088058575
10/50,0.9141578224387142
5/50,0.8405149668198232
20/50,0.8360578770400684
