feature,market,n,slope,t,p,rule,rule_n,rule_units,rule_roi,q_bh
diff_bp_pitches_3d,ml,3260,-0.00023891191464072562,-2.205955496889329,0.02745667262338596,away/under when x high,1312,78.54628558260629,0.05986759571844991,0.5765901250911052
sum_sp_rest,total,2890,-0.0013230630235713,-1.5903507643835164,0.11186521308174874,away/under when x high,1298,-60.03143444922273,-0.04624917908260611,0.8112365478294304
diff_bp_pitches_1d,total,3260,0.002951140891808806,1.5726761049887297,0.11589093540420436,home/over when x high,1314,-23.72494132370054,-0.01805551090083755,0.8112365478294304
diff_bp_arms_3d,ml,3260,-0.003531434550287378,-1.3798227478093599,0.16773591021619044,away/under when x high,1678,37.310059147945836,0.022234838586380118,0.878142199653684
sum_sp_prev_pitches,total,2890,0.003738715765849166,1.1974553730806607,0.23122738554042882,home/over when x high,1187,-17.61485241756364,-0.014839808270904498,0.878142199653684
diff_bp_pitches_3d,total,3260,0.0011003014968987738,1.0784060631778492,0.2809324170320203,home/over when x high,1312,2.649371088262494,0.0020193377197122667,0.878142199653684
sum_bp_pitches_3d,total,3260,0.0007193533351941676,0.9965301843068627,0.31906661462662356,home/over when x high,1310,-17.24330470421376,-0.013162828018483785,0.878142199653684
diff_bp_pitches_1d,ml,3260,-0.00018794907939413856,-0.9428133498842194,0.3458462872827633,away/under when x high,1314,10.097425180906292,0.0076844940493959605,0.878142199653684
sum_day_after_night,total,3260,-0.07439651153850063,-0.6735666014559447,0.5006346719563867,away/under when x high,519,-17.48518935079687,-0.033690152891708805,0.878142199653684
diff_day_after_night,ml,3260,0.08579527755051289,0.5845592823505729,0.5588845684364893,home/over when x high,11,1.6531487824512547,0.15028625295011408,0.878142199653684
diff_sp_prev_pitches,total,2890,0.0017388766378442905,0.5295979862248961,0.5964313981398492,home/over when x high,1185,-49.48718201100047,-0.041761335030380146,0.878142199653684
sum_bp_b2b_tired,total,3260,-0.03167818996424126,-0.5262827945518861,0.5987275588052655,away/under when x high,2511,-75.25405252011973,-0.029969754090051665,0.878142199653684
diff_sp_prev_pitches,ml,2890,0.00017374069499007238,0.49596381799118366,0.6199576792711854,home/over when x high,1185,-35.633515663651124,-0.030070477353292088,0.878142199653684
diff_bp_b2b_tired,total,3260,0.028626372885392187,0.3817254050104241,0.702689948128783,home/over when x high,3260,-77.6188255516262,-0.023809455690682883,0.878142199653684
diff_day_after_night,total,3260,-0.5139761525788165,-0.3719228563794008,0.7099744745977694,away/under when x high,11,2.4432346851784197,0.22211224410712907,0.878142199653684
sum_bp_pitches_1d,total,3260,-0.00037393701198532096,-0.30022061193882127,0.7640280377544533,away/under when x high,1317,-40.16941722568976,-0.030500696450789493,0.878142199653684
sum_bp_arms_3d,total,3260,0.0042950675687360275,0.28292530489833057,0.7772520702113151,home/over when x high,1529,-57.21875828431638,-0.037422340277512345,0.878142199653684
diff_sp_rest,ml,2890,4.800314894185998e-05,0.27660906334157065,0.7821000986315777,home/over when x high,1759,-65.07128586319092,-0.036993340456617924,0.878142199653684
diff_sp_rest,total,2890,0.0004236988109262514,0.26048324375931853,0.794509609210476,home/over when x high,1759,-45.18202207387794,-0.025686197881681604,0.878142199653684
diff_bp_arms_3d,total,3260,0.0022969883307786946,0.09529342793184938,0.9240876230774397,home/over when x high,1678,-19.70911826448777,-0.011745600872757908,0.9645266153063113
diff_bp_b2b_tired,ml,3260,-0.0003542600852249006,-0.044477370819069904,0.9645266153063113,away/under when x high,3260,-87.26899004482021,-0.02676962884810436,0.9645266153063113
