feature,market,n,slope,t,p,rule_side,rule_n,rule_units,rule_roi,q_bh
div_game,total,3738,-1.6500578216989072,-3.615897710983803,0.0003032609542871894,under when x high,1360,43.0452581271624,0.031650925093501765,0.021834788708677635
wind15,total,3738,-2.3592178269839432,-3.1089487557115505,0.0018916723786758475,under when x high,345,37.12828596523083,0.10761822018907487,0.0681002056323305
sum_ats_std,total,3513,0.06974847463429946,2.669915443408045,0.00762198689736992,over when x high,1407,33.38854460927485,0.02373030889074261,0.1829276855368781
diff_qb_change,total,3738,-1.2171957793452064,-2.3548892169292834,0.018579679412287126,under when x high,676,3.339855215311232,0.004940614223833183,0.3344342294211683
sum_pa_l5,total,3728,-0.06634492010155797,-2.2393823858614716,0.025189818715334284,under when x high,1511,26.987313610277695,0.01786056493069338,0.3627333895008137
sum_pa_l3,total,3732,-0.04926950793553781,-2.0356064597518593,0.041860425139719375,under when x high,1537,19.783806507202954,0.012871702346911486,0.3998549954188399
div_game,spread,3738,-0.9180190347795973,-2.013845931871181,0.044097271913416496,away when x high,1360,52.66972766884078,0.03872774093297116,0.3998549954188399
total_line,total,3738,-0.09605491369076725,-2.0011607539945135,0.04544727702288737,under when x high,1614,44.34812358427008,0.027477152158779477,0.3998549954188399
diff_backup_qb,total,3738,-0.7572555589406669,-1.9607543816943436,0.04998187442735499,under when x high,1211,-4.594693513933926,-0.003794131720837263,0.3998549954188399
sum_new_coach,total,3707,-0.6956893461055758,-1.8085270071968444,0.07060555684807472,under when x high,1437,35.18144726411686,0.024482565945801574,0.508360009306138
sum_pa_l1,total,3736,-0.02491678734780649,-1.6775845274475354,0.09351192693036095,under when x high,1568,16.15795207571288,0.010304816374816889,0.5684070084132978
sum_backup_qb,total,3738,-0.6308409579791407,-1.6669363523126663,0.09561088030571495,under when x high,1387,-18.337114769260737,-0.01322070278966167,0.5684070084132978
ref_home_ats,spread,3383,-0.30555271279847607,-1.6326818587106113,0.10262904318573433,away when x high,1354,-30.66561273539886,-0.02264816302466681,0.5684070084132978
outdoor_cold,spread,3738,1.3520207505314723,1.5339889129472748,0.12511705434733675,home when x high,248,11.857069545626599,0.04781076429688145,0.6434591366434461
spread_line,spread,3738,0.052902445871081887,1.4482368051535432,0.14763474967311233,home when x high,1829,-15.17499810874549,-0.008296882508882171,0.7086467984309391
sum_qb_change,total,3738,-0.664725462983042,-1.34531036025525,0.17860667708740258,under when x high,734,22.53661595764475,0.03070383645455688,0.8025699269207113
sum_ats_l5,total,3728,0.034123591046482035,1.3123121242545916,0.18949567718961238,over when x high,1498,-24.85024443287771,-0.01658894821954453,0.8025699269207113
outdoor_cold,total,3738,1.1134728255846196,1.2603566721346857,0.20761943723660956,over when x high,248,11.948368163371079,0.0481789038845608,0.8088048017641248
sum_def_res_l1,total,3736,-0.01969831362216222,-1.2217393008068091,0.2218833531613575,under when x high,1527,22.968929413898003,0.015041866020889328,0.8088048017641248
diff_backup_qb,spread,3738,-0.45678853877411796,-1.185044862042798,0.23607508423946091,away when x high,1211,-37.15644392116786,-0.030682447498899968,0.8088048017641248
sum_def_res_l5,total,3728,-0.04149609978428959,-1.1322348764346861,0.25760855893476314,under when x high,1494,11.469605135844485,0.007677111871381851,0.8088048017641248
diff_pa_l3,spread,3732,-0.028739265206500064,-1.129770645167266,0.2586455266924074,away when x high,1508,-57.6622003611522,-0.03823753339598952,0.8088048017641248
total_line,spread,3738,0.053515038776200285,1.117014241150663,0.2640600658820697,home when x high,1614,-74.00095082942761,-0.0458494119141435,0.8088048017641248
sum_blowout_loss_prev,total,3738,-0.5772233983164671,-1.0810843063643247,0.2797293920892233,under when x high,653,3.073775160341455,0.00470715951047696,0.8088048017641248
diff_pf_l5,spread,3728,0.02953596093017264,1.0464599258876548,0.29541661690630927,home when x high,1495,-45.21839197970353,-0.030246416039935473,0.8088048017641248
diff_off_res_l3,spread,3732,-0.028534633130943413,-0.9911314787832444,0.3216856731697847,away when x high,1496,42.76638422726458,0.02858715523212873,0.8088048017641248
sum_prev_margin,total,3736,0.01011488971325271,0.9896638046843707,0.32240259668172744,over when x high,1523,-35.74290594416777,-0.023468749799190915,0.8088048017641248
sum_ats_l1,total,3736,0.011256819178251125,0.9838335045305373,0.32526112462803813,over when x high,1511,-22.457931457759884,-0.014862959270522755,0.8088048017641248
diff_blowout_win_prev,spread,3738,-0.5295466631215101,-0.9828018710162237,0.3257686007105503,away when x high,620,22.98218596384929,0.03706804187717627,0.8088048017641248
diff_new_coach,spread,3707,-0.3541641659222345,-0.9446135540223287,0.3449177999793215,away when x high,1281,-25.249295283660214,-0.019710613023934592,0.8278027199503716
ref_total_res,total,3383,0.1343595635244139,0.8893812079311803,0.37386151496724856,over when x high,1354,14.095262643731,0.01041009057882644,0.8631357161354182
diff_def_res_l5,spread,3728,0.029727564387272323,0.8001458067802765,0.42367733495809956,home when x high,1495,35.13674141775932,0.02350283706873533,0.8631357161354182
home_dog,spread,3738,-0.3637795094297147,-0.7843519033151803,0.43288337949987926,away when x high,1264,-9.392219645022509,-0.007430553516631732,0.8631357161354182
sum_def_res_l3,total,3732,-0.022027224525984053,-0.7776985809957176,0.4367960519602401,under when x high,1507,-6.5474015251376185,-0.004344659273482162,0.8631357161354182
sum_short_week,total,3738,-0.4027253517744801,-0.7744423230641934,0.4387182705041481,under when x high,180,-2.5994536206122723,-0.014441409003401512,0.8631357161354182
diff_ats_l1,spread,3736,-0.009001975598320128,-0.7687676542423989,0.44207987385779224,away when x high,1513,40.557472809401084,0.02680599656933317,0.8631357161354182
diff_off_bye,spread,3738,0.4868983340975822,0.7662838239056391,0.4435558541251454,home when x high,446,5.300572923600056,0.011884692653811785,0.8631357161354182
sum_off_res_l5,total,3728,0.02635344005685618,0.7180566944342908,0.47276734953866134,over when x high,1494,-37.956912625447515,-0.025406233350366476,0.8634293821785247
diff_def_res_l1,spread,3736,0.01177770004337001,0.7096409452010954,0.47797113148478215,home when x high,1514,12.005153868608971,0.00792942791849998,0.8634293821785247
diff_rest,spread,3738,0.06009033426151799,0.7068834577025382,0.4796829900991804,home when x high,1260,3.378974060925856,0.0026817254451792505,0.8634293821785247
diff_qb_change,spread,3738,-0.3359005077074614,-0.6508843759081636,0.5151611559993806,away when x high,676,-3.484707046934364,-0.005154892081263853,0.8838164741179241
home_dog,total,3738,-0.2978086018644536,-0.640645022173948,0.5217926326130943,under when x high,1264,-33.34155436456136,-0.02637781199727956,0.8838164741179241
sum_pf_l3,total,3732,-0.01442232868255951,-0.6280748869174476,0.529993335075282,under when x high,1510,11.70194532739016,0.0077496326671458015,0.8838164741179241
spread_line,total,3738,0.021260855038594876,0.5805794654208241,0.5615589320076207,over when x high,1829,-15.657542343590661,-0.008560712052263893,0.8838164741179241
ref_total_res,spread,3383,-0.08312668900976941,-0.552648693511588,0.5805405255928945,away when x high,1354,-13.012957658016655,-0.00961075159380846,0.8838164741179241
diff_ats_l5,spread,3728,-0.014228442305942484,-0.5453686653705242,0.5855326310824335,away when x high,1497,9.868527325702516,0.00659220262237977,0.8838164741179241
diff_short_week,spread,3738,2.916666666666667,0.5325521448851843,0.594375307639436,home when x high,6,1.8968863706135966,0.3161477284355994,0.8838164741179241
sum_off_res_l3,total,3732,-0.014941601193025367,-0.525653355994121,0.5991603246604427,under when x high,1503,-2.019494989724805,-0.0013436427077344012,0.8838164741179241
diff_ats_l3,spread,3732,-0.010626366018138244,-0.5223090137642843,0.6014862115524761,away when x high,1502,13.900183126361814,0.009254449484927972,0.8838164741179241
playoff,spread,3738,-0.5323660714285714,-0.4822051308760729,0.6296884805075167,away when x high,154,5.08185701320819,0.032999071514338896,0.8953740049678897
week,total,3738,-0.018186291323800032,-0.4369273486778709,0.6621892888498302,under when x high,1698,7.222529791160781,0.004253551113757821,0.8953740049678897
sum_rest,total,3738,0.027826001630774186,0.40853700849606495,0.6829028802449542,over when x high,1428,-45.827069378371235,-0.032091785278971455,0.8953740049678897
diff_ats_std,spread,3513,-0.010542660524228576,-0.4027790727799404,0.6871352800381274,away when x high,1406,28.156272197153047,0.0200257981487575,0.8953740049678897
wind15,spread,3738,0.2964287087225617,0.3910157116415651,0.6958079190264733,home when x high,345,-21.051642105679583,-0.06101925248023068,0.8953740049678897
diff_pa_l5,spread,3728,-0.012222598996760141,-0.3904922651037076,0.6961948970170951,away when x high,1515,-79.2628398095197,-0.052318706144897496,0.8953740049678897
playoff,total,3738,0.41976968344155835,0.3793558406318639,0.7044451980052121,over when x high,154,-5.1565904518989285,-0.03348435358375928,0.8953740049678897
diff_off_res_l1,spread,3736,-0.006092446182460313,-0.3734459658368452,0.7088377539329127,away when x high,1519,-20.377650246625755,-0.013415174619240128,0.8953740049678897
diff_pa_l1,spread,3736,-0.005236733095266661,-0.33955043548975344,0.7342142055188063,away when x high,1573,-58.408314942813945,-0.037131795894986615,0.9114383240923113
diff_pf_l1,spread,3736,-0.004101303533642234,-0.27001346175926616,0.7871648184408961,away when x high,1583,-27.557936240520615,-0.017408677347138732,0.9394556864973441
sum_blowout_win_prev,total,3738,-0.1395117028764966,-0.260297578024962,0.7946485852349806,under when x high,654,6.2192147559176725,0.009509502684889407,0.9394556864973441
diff_def_res_l3,spread,3732,-0.007230033687808857,-0.25147250585123154,0.8014626695318363,away when x high,1504,-78.0198543210387,-0.051874903138988494,0.9394556864973441
sum_pf_l1,total,3736,-0.003640131898779902,-0.24176474992497313,0.8089757300393797,under when x high,1564,11.24057111991021,0.007187065933446426,0.9394556864973441
sum_ats_l3,total,3732,0.003620155576028438,0.18012023682990802,0.8570679602701887,over when x high,1503,-18.76331205609325,-0.012483906890281603,0.9727321599577665
sum_off_res_l1,total,3736,0.0027437942530238956,0.16744523885396956,0.8670287995825984,over when x high,1513,-29.831830625470865,-0.01971700636184459,0.9727321599577665
ref_home_ats,total,3383,-0.026276990031311367,-0.13973354451241823,0.8888788446744612,under when x high,1354,-5.24895827340486,-0.003876630925705214,0.9727321599577665
week,spread,3738,0.005656383962977844,0.13619919888394202,0.8916711466279527,home when x high,1698,-69.85487408104427,-0.04113950181451371,0.9727321599577665
sum_off_bye,total,3738,0.04061744595621234,0.07034434346318735,0.9439233538501528,over when x high,489,-10.646247677955518,-0.021771467644080816,0.986023365058516
diff_pf_l3,spread,3732,0.0010787739721606915,0.04491975106062936,0.9641736781998889,home when x high,1516,-66.4740352751137,-0.04384830822896683,0.986023365058516
diff_prev_margin,spread,3736,0.00046951291759517394,0.04461530232275054,0.9644163309639545,home when x high,1576,-62.02944475264657,-0.03935878474152701,0.986023365058516
diff_off_res_l5,spread,3728,0.0008682279448778891,0.023405591777700022,0.9813279979531727,home when x high,1498,-69.77105466287253,-0.04657613795919394,0.986023365058516
diff_blowout_loss_prev,spread,3738,0.01000018680569637,0.018497408392550433,0.9852430327587101,home when x high,617,8.548749722668525,0.013855348010807983,0.986023365058516
sum_pf_l5,total,3728,-0.00047379970649252226,-0.01751918590284471,0.9860233650585161,under when x high,1519,-22.09400228478503,-0.014545096961675465,0.986023365058516
