Gathered number of frames_epoch,Gathered number of frames_step,epoch,lr,step,train_feature_penalty_epoch,train_feature_penalty_step,train_loss_epoch,train_loss_step,train_masked_accuracy_epoch,train_masked_accuracy_step,train_unmasked_accuracy_epoch,train_unmasked_accuracy_step
,1360.0,0,7.999999979801942e-06,49,,0.394415020942688,,4.125456809997559,,0.14623329043388367,,0.120988629758358
,1368.0,0,1.5999999959603883e-05,99,,0.21275947988033295,,3.7238402366638184,,0.16215702891349792,,0.15021328628063202
,1384.0,0,2.4000000848900527e-05,149,,0.09163498133420944,,4.020798683166504,,0.1661134958267212,,0.15738597512245178
,1392.0,0,3.199999991920777e-05,199,,0.05376748740673065,,3.9215891361236572,,0.1689710170030594,,0.1624753624200821
,1360.0,0,3.9999998989515007e-05,249,,0.03696635365486145,,3.6350865364074707,,0.1672925353050232,,0.16162994503974915
,1372.0,0,4.8000001697801054e-05,299,,0.02312614396214485,,4.077237129211426,,0.1682511419057846,,0.16362369060516357
,1408.0,0,5.6000000768108293e-05,349,,0.014592478051781654,,3.5740435123443604,,0.17035558819770813,,0.16626396775245667
,1336.0,0,6.399999983841553e-05,399,,0.010952671989798546,,3.84515643119812,,0.17015689611434937,,0.16657356917858124
,1360.0,0,7.200000254670158e-05,449,,0.009138929657638073,,4.073333263397217,,0.17123368382453918,,0.16811712086200714
,1380.0,0,7.999999797903001e-05,499,,0.009801099076867104,,3.6804659366607666,,0.17094899713993073,,0.1679489016532898
,1380.0,0,8.800000068731606e-05,549,,0.006355587393045425,,3.4891183376312256,,0.17243829369544983,,0.1700364053249359
,1372.0,0,9.600000339560211e-05,599,,0.005468977615237236,,3.49969220161438,,0.17214782536029816,,0.17008757591247559
,1360.0,0,0.00010399999882793054,649,,0.004537501372396946,,3.7152745723724365,,0.1734219640493393,,0.17167873680591583
,1400.0,0,0.00011200000153621659,699,,0.003137093735858798,,3.1790719032287598,,0.17201362550258636,,0.17051954567432404
,1380.0,0,0.00011999999696854502,749,,0.0019961304496973753,,3.148240089416504,,0.1723477989435196,,0.1709854006767273
,1356.0,0,0.00012799999967683107,799,,0.001296148868277669,,4.352588176727295,,0.1740996390581131,,0.17267605662345886
,1352.0,0,0.00013600000238511711,849,,0.0007997971842996776,,2.50661301612854,,0.1741119921207428,,0.17274132370948792
,1332.0,0,0.00014400000509340316,899,,0.0005267096566967666,,3.4423840045928955,,0.17489978671073914,,0.17375925183296204
,1384.0,0,0.00015199999324977398,949,,0.00033054754021577537,,3.2246246337890625,,0.17593392729759216,,0.174927219748497
,1352.0,0,0.00015999999595806003,999,,0.0002447727310936898,,3.3820807933807373,,0.17727549374103546,,0.1764218956232071
,1372.0,0,0.00016799999866634607,1049,,0.00017290745745413005,,3.0587098598480225,,0.17871257662773132,,0.17794860899448395
,1388.0,0,0.00017600000137463212,1099,,0.00011517633538460359,,3.38559627532959,,0.17954100668430328,,0.17897731065750122
,1376.0,0,0.00018400000408291817,1149,,7.221000123536214e-05,,3.5404679775238037,,0.17865994572639465,,0.17811304330825806
,1372.0,0,0.00019200000679120421,1199,,4.200039620627649e-05,,3.322500467300415,,0.17860379815101624,,0.17800326645374298
,1360.0,0,0.00019999999494757503,1249,,2.3269323719432577e-05,,3.5645864009857178,,0.17955398559570312,,0.1788727045059204
,1372.0,0,0.00020799999765586108,1299,,1.433610486856196e-05,,3.253539800643921,,0.17848122119903564,,0.17789430916309357
,1356.0,0,0.00021600000036414713,1349,,8.890667231753469e-06,,3.3929176330566406,,0.17937862873077393,,0.17881014943122864
,1352.0,0,0.00022400000307243317,1399,,7.062837084959028e-06,,3.374455451965332,,0.179342120885849,,0.17871034145355225
,1344.0,0,0.00023200000578071922,1449,,5.954819243925158e-06,,4.147074222564697,,0.1792152374982834,,0.17852039635181427
,1344.0,0,0.00023999999393709004,1499,,5.088313628220931e-06,,3.6743061542510986,,0.1778244525194168,,0.17720289528369904
,1384.0,0,0.0002479999966453761,1549,,3.982535872637527e-06,,3.7626237869262695,,0.17792077362537384,,0.17731177806854248
,1376.0,0,0.00025599999935366213,1599,,3.461784217506647e-06,,3.627214193344116,,0.17723123729228973,,0.17668727040290833
,1360.0,0,0.0002640000020619482,1649,,3.2483180802955758e-06,,3.142451286315918,,0.17634063959121704,,0.17579782009124756
,1372.0,0,0.00027200000477023423,1699,,3.4890329061454395e-06,,3.359645366668701,,0.1767645925283432,,0.17617568373680115
,1380.0,0,0.0002800000074785203,1749,,3.2304144497175002e-06,,3.643051862716675,,0.17646467685699463,,0.17587794363498688
,1316.0,0,0.0002880000101868063,1799,,2.896479372793692e-06,,3.222567319869995,,0.17670109868049622,,0.17614610493183136
,1344.0,0,0.00029600001289509237,1849,,4.199026534479344e-06,,3.8213436603546143,,0.1768784523010254,,0.17627228796482086
,1328.0,0,0.00030399998649954796,1899,,3.141905153825064e-06,,3.7152316570281982,,0.17707380652427673,,0.1764506995677948
,1376.0,0,0.000311999989207834,1949,,2.902695086959284e-06,,3.7206029891967773,,0.1772165298461914,,0.17657989263534546
,1332.0,0,0.00031999999191612005,1999,,2.3454870188288623e-06,,2.8397016525268555,,0.1771843284368515,,0.1765872836112976
,1420.0,0,0.0003279999946244061,2049,,2.3583063466503518e-06,,3.332960605621338,,0.17702950537204742,,0.17646291851997375
,1356.0,0,0.00033599999733269215,2099,,2.1457969978655456e-06,,3.194089651107788,,0.17635825276374817,,0.17577266693115234
,1376.0,0,0.0003440000000409782,2149,,2.0754055185534526e-06,,2.7930872440338135,,0.17675983905792236,,0.17618393898010254
,1388.0,0,0.00035200000274926424,2199,,1.9612168671301333e-06,,3.5786962509155273,,0.17726072669029236,,0.17668314278125763
,1392.0,0,0.0003600000054575503,2249,,2.3699044504610356e-06,,4.309900283813477,,0.1771550327539444,,0.1766321361064911
,1364.0,0,0.00036800000816583633,2299,,1.88307524240372e-06,,3.0538551807403564,,0.1772121787071228,,0.17667457461357117
,1392.0,0,0.0003760000108741224,2349,,2.09283552976558e-06,,3.9337613582611084,,0.17726972699165344,,0.17670384049415588
,1376.0,0,0.00038400001358240843,2399,,1.6473145478812512e-06,,3.3536813259124756,,0.17693790793418884,,0.17636802792549133
,1348.0,0,0.000391999987186864,2449,,1.7713950910547283e-06,,3.499603271484375,,0.17687182128429413,,0.17627769708633423
,1368.0,0,0.00039999998989515007,2499,,1.5168350273597753e-06,,3.2442033290863037,,0.17681409418582916,,0.1762825846672058
,1392.0,0,0.0004079999926034361,2549,,1.3875862805434735e-06,,3.036190986633301,,0.17714790999889374,,0.17662392556667328
,1400.0,0,0.00041599999531172216,2599,,1.2596534588737995e-06,,3.2986111640930176,,0.17697766423225403,,0.17646704614162445
,1336.0,0,0.0004239999980200082,2649,,1.2602137076100917e-06,,3.557795286178589,,0.1763903945684433,,0.17585285007953644
,1340.0,0,0.00043200000072829425,2699,,1.1995157365163323e-06,,2.8887715339660645,,0.1762922704219818,,0.17577902972698212
,1340.0,0,0.0004400000034365803,2749,,1.4793806712987134e-06,,3.127105474472046,,0.17687690258026123,,0.17636190354824066
,1380.0,0,0.00044800000614486635,2799,,1.3090595984976972e-06,,3.7692906856536865,,0.17725898325443268,,0.17682969570159912
,1368.0,0,0.0004560000088531524,2849,,1.227993948305084e-06,,3.3854970932006836,,0.1768745481967926,,0.17644217610359192
,1376.0,0,0.00046400001156143844,2899,,1.0754465620266274e-06,,3.097541570663452,,0.17637899518013,,0.17601710557937622
,1348.0,0,0.0004720000142697245,2949,,1.1986160188826034e-06,,3.427764415740967,,0.17620763182640076,,0.17590825259685516
,1376.0,0,0.0004799999878741801,2999,,1.0920145996351494e-06,,3.494769811630249,,0.17629793286323547,,0.17603133618831635
,1376.0,0,0.0004879999905824661,3049,,9.5090098284345e-07,,3.297609806060791,,0.17628343403339386,,0.17603233456611633
,1412.0,0,0.0004959999932907522,3099,,1.1608623253778205e-06,,3.509669065475464,,0.17590396106243134,,0.17574043571949005
,1368.0,0,0.0004995555500499904,3149,,9.891388117466704e-07,,2.8860273361206055,,0.1760227382183075,,0.1758534163236618
,1388.0,0,0.0004986666608601809,3199,,9.843025736699929e-07,,2.875129222869873,,0.1761261224746704,,0.17592614889144897
,1380.0,0,0.0004977777716703713,3249,,9.319139167018875e-07,,3.4850122928619385,,0.17606988549232483,,0.17590214312076569
,1376.0,0,0.0004968888824805617,3299,,1.0153194125450682e-06,,3.6807425022125244,,0.17611680924892426,,0.1759871542453766
,1376.0,0,0.0004959999932907522,3349,,8.995452844828833e-07,,4.019137859344482,,0.17624041438102722,,0.17612817883491516
,1340.0,0,0.0004951111041009426,3399,,9.477079743192007e-07,,3.0814733505249023,,0.17632488906383514,,0.1762179434299469
,1376.0,0,0.000494222214911133,3449,,7.604466532029619e-07,,2.8000054359436035,,0.17638574540615082,,0.17626550793647766
,1372.0,0,0.0004933333257213235,3499,,8.565967846152489e-07,,3.524426221847534,,0.17692126333713531,,0.17677253484725952
,1368.0,0,0.0004924444365315139,3549,,9.594519951861002e-07,,4.02404260635376,,0.17666374146938324,,0.17656241357326508
,1372.0,0,0.0004915555473417044,3599,,7.690739494137233e-07,,3.773270845413208,,0.177300825715065,,0.17718225717544556
,1356.0,0,0.0004906666581518948,3649,,7.660090091121674e-07,,3.0193073749542236,,0.1770230084657669,,0.17685867846012115
,1388.0,0,0.0004897777689620852,3699,,8.948675827014085e-07,,3.7835988998413086,,0.17663823068141937,,0.17650504410266876
,1364.0,0,0.0004888888797722757,3749,,8.199188528124068e-07,,3.862117052078247,,0.17675922811031342,,0.17657920718193054
,1344.0,0,0.0004879999905824661,3799,,7.336789735745697e-07,,3.2939321994781494,,0.17694436013698578,,0.17679138481616974
,1352.0,0,0.00048711110139265656,3849,,8.01099758973578e-07,,3.592985153198242,,0.17674878239631653,,0.17659899592399597
,1364.0,0,0.000486222212202847,3899,,8.259841592916928e-07,,4.264698028564453,,0.17641691863536835,,0.176278218626976
,1384.0,0,0.00048533332301303744,3949,,6.93031438459002e-07,,3.2794625759124756,,0.17644555866718292,,0.176332488656044
,1356.0,0,0.0004844444338232279,3999,,6.931583698133181e-07,,3.2303664684295654,,0.1762728989124298,,0.1761406809091568
,1368.0,0,0.0004835555446334183,4049,,5.766380581917474e-07,,3.100336790084839,,0.17613330483436584,,0.17602203786373138
,1332.0,0,0.00048266665544360876,4099,,7.247722919601074e-07,,3.538203239440918,,0.17658892273902893,,0.1764732003211975
,1364.0,0,0.0004817777662537992,4149,,7.033195288386196e-07,,3.6308400630950928,,0.17643217742443085,,0.17631636559963226
,1348.0,0,0.00048088887706398964,4199,,6.337932063615881e-07,,3.5353925228118896,,0.17655545473098755,,0.17640544474124908
,1344.0,0,0.0004799999878741801,4249,,4.926391170556599e-07,,2.3216915130615234,,0.17633415758609772,,0.1761937290430069
,1376.0,0,0.0004791110986843705,4299,,6.196586923579162e-07,,3.4217472076416016,,0.1764090359210968,,0.17627039551734924
,1368.0,0,0.00047822220949456096,4349,,6.365311264744378e-07,,3.5462875366210938,,0.1762574017047882,,0.17614510655403137
,1312.0,0,0.0004773333203047514,4399,,6.325928438855044e-07,,3.8432364463806152,,0.17620179057121277,,0.1761176884174347
,1396.0,0,0.00047644443111494184,4449,,6.092089392950584e-07,,3.5312716960906982,,0.17628872394561768,,0.17619992792606354
,1332.0,0,0.0004755555419251323,4499,,5.975065846541838e-07,,3.969566822052002,,0.17624801397323608,,0.17613989114761353
,1324.0,0,0.0004746666527353227,4549,,5.982424795547558e-07,,4.024354457855225,,0.1764209121465683,,0.17628918588161469
,1364.0,0,0.00047377776354551315,4599,,5.309917128215602e-07,,3.5320043563842773,,0.17653723061084747,,0.17640618979930878
,1388.0,0,0.0004728888743557036,4649,,5.712417987524532e-07,,3.5470986366271973,,0.17646826803684235,,0.17639106512069702
,1356.0,0,0.0004720000142697245,4699,,5.337627158041869e-07,,3.81204891204834,,0.17650459706783295,,0.17641595005989075
,1384.0,0,0.00047111112507991493,4749,,4.884692543782876e-07,,3.5434072017669678,,0.1766566038131714,,0.17655105888843536
,1368.0,0,0.00047022223589010537,4799,,4.930652721668594e-07,,3.2783007621765137,,0.1767956167459488,,0.1766899824142456
,1388.0,0,0.0004693333467002958,4849,,4.783428835253289e-07,,3.171271800994873,,0.17677228152751923,,0.17667685449123383
,1404.0,0,0.00046844445751048625,4899,,4.4288157141636475e-07,,3.1968882083892822,,0.17684920132160187,,0.1767447292804718
,1420.0,0,0.0004675555683206767,4949,,5.603591262115515e-07,,4.068922519683838,,0.17665031552314758,,0.1765211969614029
,1340.0,0,0.0004666666791308671,4999,,4.662311994252377e-07,,3.1841859817504883,,0.17680424451828003,,0.1766943484544754
,1352.0,0,0.00046577778994105756,5049,,4.528526744707051e-07,,3.48230242729187,,0.17663264274597168,,0.17652665078639984
,1396.0,0,0.000464888900751248,5099,,4.842532348448003e-07,,4.001199245452881,,0.1763632744550705,,0.17625512182712555
,1348.0,0,0.00046400001156143844,5149,,5.451970537251327e-07,,3.3508546352386475,,0.17640164494514465,,0.17629395425319672
,1376.0,0,0.0004631111223716289,5199,,4.709200709385186e-07,,3.035398006439209,,0.1761922538280487,,0.17609895765781403
1365.5830078125,,0,,5203,0.010599078610539436,,3.5085268020629883,,0.1748649924993515,,0.17366938292980194,
,1364.0,1,0.0004622222331818193,5249,,4.677062861446757e-07,,3.2420217990875244,,0.176292285323143,,0.17621344327926636
,1376.0,1,0.00046133334399200976,5299,,5.400548843681463e-07,,3.7724239826202393,,0.17605990171432495,,0.1759341061115265
,1368.0,1,0.0004604444548022002,5349,,3.709481859459629e-07,,2.9049739837646484,,0.17603792250156403,,0.17591466009616852
,1360.0,1,0.00045955556561239064,5399,,4.30380708849043e-07,,3.012662649154663,,0.17598555982112885,,0.17587551474571228
,1368.0,1,0.0004586666764225811,5449,,5.079990614831331e-07,,3.9022583961486816,,0.17612016201019287,,0.1760203242301941
,1400.0,1,0.0004577777872327715,5499,,4.413484475662699e-07,,4.061234474182129,,0.17598025500774384,,0.17587502300739288
,1348.0,1,0.00045688889804296196,5549,,4.230501815527532e-07,,2.995147943496704,,0.17613090574741364,,0.1760130077600479
,1392.0,1,0.0004560000088531524,5599,,3.5745006243814714e-07,,3.2114248275756836,,0.1762382537126541,,0.17611455917358398
,1340.0,1,0.00045511111966334283,5649,,3.8310969330268563e-07,,3.3584885597229004,,0.1761222928762436,,0.17600618302822113
,1388.0,1,0.00045422223047353327,5699,,4.3136975591551163e-07,,3.904805898666382,,0.17636798322200775,,0.17623360455036163
,1336.0,1,0.0004533333412837237,5749,,4.0355521946366935e-07,,3.847546339035034,,0.17630019783973694,,0.17619788646697998
,1360.0,1,0.00045244445209391415,5799,,4.085209468485118e-07,,2.911205768585205,,0.1764325052499771,,0.17634174227714539
,1372.0,1,0.0004515555629041046,5849,,4.963910100741487e-07,,3.972754716873169,,0.17650948464870453,,0.17640821635723114
,1372.0,1,0.00045066667371429503,5899,,4.003075844138948e-07,,3.5086989402770996,,0.17667101323604584,,0.17656701803207397
,1360.0,1,0.00044977778452448547,5949,,4.1580571519261866e-07,,3.4896113872528076,,0.17658983170986176,,0.17647725343704224
,1348.0,1,0.0004488888953346759,5999,,3.679633380215819e-07,,3.676098108291626,,0.17655019462108612,,0.17644290626049042
,1392.0,1,0.00044800000614486635,6049,,3.8367144838957756e-07,,2.9748146533966064,,0.17660334706306458,,0.17649231851100922
,1360.0,1,0.0004471111169550568,6099,,3.7549611420217843e-07,,2.728588581085205,,0.17672334611415863,,0.17662392556667328
,1408.0,1,0.0004462222277652472,6149,,3.8399321056203917e-07,,3.150022029876709,,0.17686395347118378,,0.17674261331558228
,1380.0,1,0.00044533333857543766,6199,,3.3349411410199536e-07,,3.0149707794189453,,0.17683814465999603,,0.1767030656337738
,1388.0,1,0.0004444444493856281,6249,,3.99741082901528e-07,,3.7523391246795654,,0.17686323821544647,,0.1767583191394806
,1364.0,1,0.00044355556019581854,6299,,3.4233480050716025e-07,,3.3307950496673584,,0.17667748034000397,,0.17655938863754272
,1328.0,1,0.000442666671006009,6349,,3.9222197756316746e-07,,4.035277366638184,,0.17674124240875244,,0.17661067843437195
,1360.0,1,0.0004417777818161994,6399,,3.40062058512558e-07,,3.0504965782165527,,0.17673519253730774,,0.17662113904953003
,1376.0,1,0.00044088889262638986,6449,,4.4898300188833673e-07,,3.972935438156128,,0.17674921452999115,,0.1766500622034073
,1372.0,1,0.0004400000034365803,6499,,4.0986139993037796e-07,,3.735844373703003,,0.17675025761127472,,0.17665617167949677
,1368.0,1,0.00043911111424677074,6549,,4.135497135848709e-07,,3.804168224334717,,0.1768328994512558,,0.17670680582523346
,1348.0,1,0.0004382222250569612,6599,,3.543707975950383e-07,,3.567538261413574,,0.17675188183784485,,0.1766277402639389
,1388.0,1,0.0004373333358671516,6649,,3.4446472341187473e-07,,3.3849735260009766,,0.17680735886096954,,0.17669369280338287
,1348.0,1,0.00043644444667734206,6699,,3.4139515037168167e-07,,3.587372303009033,,0.17687645554542542,,0.17677021026611328
,1380.0,1,0.0004355555574875325,6749,,3.66453917877152e-07,,4.1013264656066895,,0.1769016534090042,,0.17680682241916656
,1356.0,1,0.00043466666829772294,6799,,3.302772029201151e-07,,3.089785099029541,,0.17673414945602417,,0.17663338780403137
,1368.0,1,0.0004337777791079134,6849,,3.202997049811529e-07,,3.328218936920166,,0.17674528062343597,,0.17665845155715942
,1396.0,1,0.0004328888899181038,6899,,3.7310229572540266e-07,,3.7170252799987793,,0.17672263085842133,,0.17665520310401917
,1416.0,1,0.00043200000072829425,6949,,4.050255029142136e-07,,3.6192548274993896,,0.17660032212734222,,0.17654424905776978
,1384.0,1,0.0004311111115384847,6999,,3.747676089460583e-07,,3.993108034133911,,0.17668084800243378,,0.1766260862350464
,1388.0,1,0.00043022222234867513,7049,,3.5251125041213527e-07,,3.8892533779144287,,0.17687393724918365,,0.17680832743644714
,1396.0,1,0.00042933333315886557,7099,,3.183861565503321e-07,,3.076507329940796,,0.1768798828125,,0.17680734395980835
,1336.0,1,0.000428444443969056,7149,,3.540503428212105e-07,,3.4933230876922607,,0.17686739563941956,,0.1767980307340622
,1372.0,1,0.00042755555477924645,7199,,3.5061694347859884e-07,,3.5854909420013428,,0.17667655646800995,,0.17661429941654205
,1384.0,1,0.0004266666655894369,7249,,3.753359578695381e-07,,4.2913312911987305,,0.176752507686615,,0.17671483755111694
,1352.0,1,0.00042577777639962733,7299,,3.317958885418193e-07,,2.9281818866729736,,0.17686516046524048,,0.17684060335159302
,1392.0,1,0.00042488888720981777,7349,,3.0167777254064276e-07,,3.541989803314209,,0.1768231838941574,,0.1768188178539276
,1400.0,1,0.0004239999980200082,7399,,3.6431336525311053e-07,,3.7566661834716797,,0.17680802941322327,,0.1768067628145218
,1376.0,1,0.00042311110883019865,7449,,2.6274722131347517e-07,,3.3796064853668213,,0.17677578330039978,,0.1767505258321762
,1392.0,1,0.0004222222196403891,7499,,2.9725828198934323e-07,,3.6626927852630615,,0.17665880918502808,,0.17664511501789093
,1316.0,1,0.0004213333304505795,7549,,3.552513874183205e-07,,4.254385471343994,,0.17659036815166473,,0.17656947672367096
,1364.0,1,0.00042044444126076996,7599,,3.127642571598699e-07,,3.42535138130188,,0.17647361755371094,,0.17645570635795593
,1368.0,1,0.0004195555520709604,7649,,3.040278784283146e-07,,3.4831831455230713,,0.17651399970054626,,0.1764805167913437
,1364.0,1,0.00041866666288115084,7699,,2.727988999140507e-07,,3.3229711055755615,,0.17662514746189117,,0.17659783363342285
,1348.0,1,0.0004177777736913413,7749,,3.2861143495210854e-07,,4.195623874664307,,0.17662250995635986,,0.17659837007522583
,1388.0,1,0.0004168888845015317,7799,,2.6093835003848653e-07,,3.575218915939331,,0.17659075558185577,,0.17656254768371582
,1368.0,1,0.00041599999531172216,7849,,3.3033336421794957e-07,,3.972200393676758,,0.17651444673538208,,0.1764926165342331
,1332.0,1,0.0004151111061219126,7899,,3.1408677614308544e-07,,4.030818462371826,,0.176524356007576,,0.17648304998874664
,1380.0,1,0.00041422221693210304,7949,,3.235727206174488e-07,,3.3039066791534424,,0.1765453815460205,,0.17652885615825653
,1376.0,1,0.0004133333277422935,7999,,2.847800431027281e-07,,3.503223180770874,,0.1765182465314865,,0.17651107907295227
,1372.0,1,0.0004124444385524839,8049,,2.630620201671263e-07,,3.802027940750122,,0.17652925848960876,,0.17652571201324463
,1368.0,1,0.00041155554936267436,8099,,2.805949463891011e-07,,3.095820665359497,,0.17648911476135254,,0.17647089064121246
,1392.0,1,0.0004106666601728648,8149,,3.0185333343979437e-07,,4.362432956695557,,0.17644855380058289,,0.17642858624458313
,1388.0,1,0.00040977777098305523,8199,,2.5089354949159315e-07,,3.997511148452759,,0.17639397084712982,,0.17636516690254211
,1368.0,1,0.0004088888817932457,8249,,2.6390765128780913e-07,,3.459815740585327,,0.17630745470523834,,0.17626245319843292
,1392.0,1,0.0004079999926034361,8299,,2.75472871180682e-07,,3.393218994140625,,0.17625853419303894,,0.17621967196464539
,1372.0,1,0.00040711110341362655,8349,,2.485478773905925e-07,,3.5057621002197266,,0.17636729776859283,,0.17632310092449188
,1384.0,1,0.000406222214223817,8399,,2.617276777527877e-07,,3.466474771499634,,0.17640097439289093,,0.17635297775268555
,1384.0,1,0.00040533332503400743,8449,,2.954695048629219e-07,,3.941357135772705,,0.17637723684310913,,0.176332026720047
,1388.0,1,0.00040444443584419787,8499,,2.5045420670721796e-07,,3.6566648483276367,,0.17647115886211395,,0.17642483115196228
,1380.0,1,0.0004035555466543883,8549,,3.031665016806073e-07,,4.23953914642334,,0.17649124562740326,,0.17643165588378906
,1376.0,1,0.00040266665746457875,8599,,2.85895765728128e-07,,3.4117720127105713,,0.17658938467502594,,0.17650802433490753
,1368.0,1,0.0004017777682747692,8649,,2.932672202859976e-07,,3.5226712226867676,,0.17670734226703644,,0.17662478983402252
,1368.0,1,0.0004008888790849596,8699,,2.8713785127365554e-07,,3.478137731552124,,0.17668381333351135,,0.1765890121459961
,1352.0,1,0.00039999998989515007,8749,,2.72541910817381e-07,,3.6005523204803467,,0.1766914427280426,,0.17658114433288574
,1344.0,1,0.0003991111007053405,8799,,2.829810341609118e-07,,4.12121057510376,,0.17666997015476227,,0.1765916645526886
,1368.0,1,0.00039822221151553094,8849,,2.256518172316646e-07,,2.821716785430908,,0.17653144896030426,,0.17645026743412018
,1348.0,1,0.0003973333223257214,8899,,2.53244451187129e-07,,3.6071736812591553,,0.17666885256767273,,0.17660439014434814
,1364.0,1,0.0003964444331359118,8949,,2.824462228545599e-07,,3.796766519546509,,0.17667418718338013,,0.17660345137119293
,1380.0,1,0.00039555554394610226,8999,,2.8876181090708997e-07,,3.7299575805664062,,0.17666096985340118,,0.17658530175685883
,1388.0,1,0.0003946666547562927,9049,,2.1734561528319318e-07,,3.367788791656494,,0.176637664437294,,0.17655925452709198
,1372.0,1,0.00039377776556648314,9099,,2.604077167234209e-07,,3.6205224990844727,,0.17658428847789764,,0.17651736736297607
,1344.0,1,0.0003928888763766736,9149,,2.6152196141993045e-07,,3.3364100456237793,,0.17689034342765808,,0.17683865129947662
,1372.0,1,0.000391999987186864,9199,,2.11092753943376e-07,,3.2618813514709473,,0.1769973188638687,,0.1769685000181198
,1376.0,1,0.00039111109799705446,9249,,2.127665084117325e-07,,3.9467074871063232,,0.17696374654769897,,0.17693056166172028
,1380.0,1,0.0003902222088072449,9299,,2.517576547234057e-07,,3.0824575424194336,,0.17703470587730408,,0.1769968718290329
,1380.0,1,0.00038933331961743534,9349,,2.2221240669750841e-07,,3.237311363220215,,0.1770109236240387,,0.1769765317440033
,1336.0,1,0.0003884444304276258,9399,,2.651748616244731e-07,,2.946512222290039,,0.17719118297100067,,0.17715324461460114
,1388.0,1,0.0003875555412378162,9449,,2.3793896275492443e-07,,3.7586233615875244,,0.17716240882873535,,0.17713430523872375
,1380.0,1,0.0003866666811518371,9499,,2.247126218435369e-07,,2.8070037364959717,,0.17702864110469818,,0.17699167132377625
,1388.0,1,0.00038577779196202755,9549,,2.472053495239379e-07,,3.4842634201049805,,0.17705760896205902,,0.1770327091217041
,1300.0,1,0.000384888902772218,9599,,2.5167250328195223e-07,,3.469467878341675,,0.17717556655406952,,0.1771509200334549
,1332.0,1,0.00038400001358240843,9649,,2.591907275473204e-07,,3.5333032608032227,,0.1771804243326187,,0.1771581918001175
,1408.0,1,0.00038311112439259887,9699,,2.3320544073612837e-07,,3.5933454036712646,,0.1772700697183609,,0.17725417017936707
,1312.0,1,0.0003822222352027893,9749,,2.2168437396885565e-07,,3.1735599040985107,,0.17730845510959625,,0.17730368673801422
,1344.0,1,0.00038133334601297975,9799,,2.2488168838208367e-07,,3.477011203765869,,0.17739009857177734,,0.17736764252185822
,1360.0,1,0.0003804444568231702,9849,,2.2471583349670254e-07,,3.400550365447998,,0.1773032546043396,,0.17728015780448914
,1320.0,1,0.0003795555676333606,9899,,2.350989092292366e-07,,3.6439857482910156,,0.17736035585403442,,0.17733614146709442
,1376.0,1,0.00037866667844355106,9949,,2.6017144705292594e-07,,3.4846088886260986,,0.1773638278245926,,0.1773589700460434
,1348.0,1,0.0003777777892537415,9999,,2.1163732810691727e-07,,4.035279750823975,,0.17742575705051422,,0.17740364372730255
,1380.0,1,0.00037688890006393194,10049,,2.2944099953292607e-07,,3.0397443771362305,,0.17746350169181824,,0.1774502545595169
,1368.0,1,0.0003760000108741224,10099,,2.465960164954595e-07,,3.1750705242156982,,0.17745640873908997,,0.17744965851306915
,1332.0,1,0.0003751111216843128,10149,,2.285271563096103e-07,,3.1146299839019775,,0.17741934955120087,,0.17742234468460083
,1364.0,1,0.00037422223249450326,10199,,2.2189482251633308e-07,,3.9902570247650146,,0.17737242579460144,,0.17737063765525818
,1392.0,1,0.0003733333433046937,10249,,2.380624124498354e-07,,3.709367036819458,,0.17741261422634125,,0.17740167677402496
,1372.0,1,0.00037244445411488414,10299,,2.1733585242600384e-07,,3.2179105281829834,,0.17749658226966858,,0.17748253047466278
,1384.0,1,0.0003715555649250746,10349,,2.0572571202137624e-07,,2.398733377456665,,0.17744356393814087,,0.1774212270975113
,1384.0,1,0.000370666675735265,10399,,2.347808845115651e-07,,3.0123300552368164,,0.17743806540966034,,0.1774108111858368
1366.1527099609375,,1,,10407,3.170384559325612e-07,,3.4596667289733887,,0.1767393797636032,,0.17667928338050842,
,1372.0,2,0.00036977778654545546,10449,,2.480374803326413e-07,,3.981635808944702,,0.17736117541790009,,0.177336186170578
,1344.0,2,0.0003688888973556459,10499,,2.0443570747374906e-07,,3.4227356910705566,,0.17740774154663086,,0.1773996502161026
,1356.0,2,0.00036800000816583633,10549,,2.307977098325864e-07,,3.0954694747924805,,0.1774219423532486,,0.17742571234703064
,1344.0,2,0.0003671111189760268,10599,,1.8316580963073648e-07,,3.3720343112945557,,0.17738312482833862,,0.17739002406597137
,1352.0,2,0.0003662222297862172,10649,,2.2576237768134888e-07,,3.5168497562408447,,0.17737489938735962,,0.17739824950695038
,1316.0,2,0.00036533334059640765,10699,,2.3289494777145592e-07,,3.6297972202301025,,0.17747384309768677,,0.17748287320137024
,1316.0,2,0.0003644444514065981,10749,,2.6493847826714045e-07,,4.43789529800415,,0.1773747056722641,,0.1773861050605774
,1380.0,2,0.00036355556221678853,10799,,1.8203652984993823e-07,,2.8912734985351562,,0.17732539772987366,,0.17734116315841675
,1368.0,2,0.00036266667302697897,10849,,1.849141852972025e-07,,3.3263185024261475,,0.1773454248905182,,0.17735207080841064
,1356.0,2,0.0003617777838371694,10899,,2.2793793164055387e-07,,3.4345641136169434,,0.1773466169834137,,0.177333265542984
,1360.0,2,0.00036088889464735985,10949,,1.7914678096531134e-07,,2.558401584625244,,0.1773572415113449,,0.1773514300584793
,1384.0,2,0.0003600000054575503,10999,,2.1794078008952056e-07,,3.495175361633301,,0.17737150192260742,,0.1773749440908432
,1360.0,2,0.0003591111162677407,11049,,2.2206258165624604e-07,,3.829535722732544,,0.17737598717212677,,0.17735320329666138
,1364.0,2,0.00035822222707793117,11099,,1.78403666950544e-07,,3.07930850982666,,0.17730768024921417,,0.17727245390415192
,1368.0,2,0.0003573333378881216,11149,,2.0400467803938227e-07,,4.056926727294922,,0.17722271382808685,,0.17719002068042755
,1348.0,2,0.00035644444869831204,11199,,1.8050889138976345e-07,,3.157775640487671,,0.17720118165016174,,0.17717009782791138
,1336.0,2,0.0003555555595085025,11249,,2.2167537849782093e-07,,3.13873291015625,,0.17722757160663605,,0.17720991373062134
,1328.0,2,0.0003546666703186929,11299,,2.159599716833327e-07,,3.8608040809631348,,0.17727674543857574,,0.17725084722042084
,1404.0,2,0.00035377778112888336,11349,,2.5530684411023685e-07,,3.6889359951019287,,0.17723192274570465,,0.17720086872577667
,1340.0,2,0.0003528888919390738,11399,,1.975125059061611e-07,,3.5899569988250732,,0.1772647202014923,,0.177237406373024
,1392.0,2,0.00035200000274926424,11449,,2.0739057049468101e-07,,3.999169111251831,,0.17734330892562866,,0.17732030153274536
,1396.0,2,0.0003511111135594547,11499,,1.7643178296111728e-07,,3.0960566997528076,,0.17733986675739288,,0.1773107349872589
,1344.0,2,0.0003502222243696451,11549,,2.0233167674632568e-07,,3.788285493850708,,0.17736022174358368,,0.17733247578144073
,1348.0,2,0.00034933333517983556,11599,,2.1885716705583036e-07,,3.7438881397247314,,0.17742714285850525,,0.17739002406597137
,1352.0,2,0.000348444445990026,11649,,2.1561247365298186e-07,,3.629002571105957,,0.17745564877986908,,0.17740470170974731
,1388.0,2,0.00034755555680021644,11699,,2.07664911044958e-07,,3.563603639602661,,0.17746439576148987,,0.17740324139595032
,1396.0,2,0.0003466666676104069,11749,,1.8995808659383329e-07,,3.1836018562316895,,0.1775902360677719,,0.17753323912620544
,1400.0,2,0.0003457777784205973,11799,,1.401709539550211e-07,,3.0061376094818115,,0.17766985297203064,,0.17761379480361938
,1396.0,2,0.00034488888923078775,11849,,1.8848281513328402e-07,,3.202235460281372,,0.17768295109272003,,0.1776287853717804
,1340.0,2,0.0003440000000409782,11899,,1.91684122796687e-07,,3.3309106826782227,,0.1776740401983261,,0.1776246279478073
,1392.0,2,0.00034311111085116863,11949,,2.2424121937092423e-07,,3.4631218910217285,,0.17766828835010529,,0.17763222754001617
,1372.0,2,0.00034222222166135907,11999,,2.408372949957993e-07,,3.457719087600708,,0.1776040643453598,,0.17754040658473969
,1368.0,2,0.0003413333324715495,12049,,1.9801044004452706e-07,,3.2234396934509277,,0.17773473262786865,,0.17767292261123657
,1392.0,2,0.00034044444328173995,12099,,2.2547720845977892e-07,,3.70009183883667,,0.17768347263336182,,0.17760740220546722
,1364.0,2,0.0003395555540919304,12149,,1.9993676403373684e-07,,3.7098138332366943,,0.17769812047481537,,0.17763912677764893
,1372.0,2,0.00033866666490212083,12199,,2.0409140688570915e-07,,3.542900800704956,,0.17763835191726685,,0.17758098244667053
,1372.0,2,0.00033777777571231127,12249,,2.2538317523412843e-07,,3.492614984512329,,0.17776735126972198,,0.17772486805915833
,1332.0,2,0.0003368888865225017,12299,,1.753648177782452e-07,,3.1281657218933105,,0.17775633931159973,,0.17772383987903595
,1376.0,2,0.00033599999733269215,12349,,2.0181919069273135e-07,,3.375196933746338,,0.17784518003463745,,0.17780935764312744
,1312.0,2,0.0003351111081428826,12399,,1.834476819340125e-07,,3.6186916828155518,,0.17789719998836517,,0.1778808832168579
,1364.0,2,0.000334222218953073,12449,,1.6424365867351298e-07,,3.403687000274658,,0.17794671654701233,,0.17794643342494965
,1376.0,2,0.00033333332976326346,12499,,1.788982757489066e-07,,2.8065967559814453,,0.17784477770328522,,0.17784684896469116
,1372.0,2,0.0003324444405734539,12549,,1.9670201822918898e-07,,4.024759769439697,,0.17785711586475372,,0.1778428852558136
,1344.0,2,0.00033155555138364434,12599,,1.8966403558806633e-07,,3.40333890914917,,0.1778630018234253,,0.17784640192985535
,1384.0,2,0.0003306666621938348,12649,,1.9478413548768003e-07,,3.5379276275634766,,0.1779160350561142,,0.1779041439294815
,1348.0,2,0.0003297777730040252,12699,,1.6501280697411858e-07,,3.0450494289398193,,0.1778797060251236,,0.1778775304555893
,1368.0,2,0.00032888888381421566,12749,,1.869613157623462e-07,,3.000741958618164,,0.17778542637825012,,0.17778122425079346
,1364.0,2,0.0003279999946244061,12799,,1.9172324527971796e-07,,4.049933910369873,,0.1777884066104889,,0.17777320742607117
,1352.0,2,0.00032711110543459654,12849,,1.831809726127176e-07,,3.5013937950134277,,0.17770884931087494,,0.17768840491771698
,1376.0,2,0.000326222216244787,12899,,1.8148183755783975e-07,,3.0782368183135986,,0.1777193695306778,,0.17770010232925415
,1404.0,2,0.0003253333270549774,12949,,1.939597069622323e-07,,4.002125263214111,,0.17765039205551147,,0.1776307374238968
,1396.0,2,0.00032444443786516786,12999,,2.405540158179065e-07,,3.841341733932495,,0.1775968372821808,,0.17756938934326172
,1380.0,2,0.0003235555486753583,13049,,1.7909385974235192e-07,,3.0626533031463623,,0.17764848470687866,,0.17762571573257446
,1332.0,2,0.00032266665948554873,13099,,1.761404320177462e-07,,3.402965545654297,,0.17759476602077484,,0.17757637798786163
,1376.0,2,0.0003217777702957392,13149,,1.8638128551629052e-07,,3.5425326824188232,,0.1774960160255432,,0.17747151851654053
,1356.0,2,0.0003208888811059296,13199,,1.8762779063763446e-07,,4.017492294311523,,0.17748653888702393,,0.17745810747146606
,1324.0,2,0.00031999999191612005,13249,,1.9367182346741174e-07,,3.515963077545166,,0.17743350565433502,,0.17740070819854736
,1356.0,2,0.0003191111027263105,13299,,1.8713384974944347e-07,,3.6520862579345703,,0.17757324874401093,,0.1775512993335724
,1380.0,2,0.00031822221353650093,13349,,2.0595935268374888e-07,,3.6407952308654785,,0.17762604355812073,,0.17759969830513
,1336.0,2,0.00031733332434669137,13399,,1.9754583036046824e-07,,4.0721755027771,,0.17753182351589203,,0.17750172317028046
,1344.0,2,0.0003164444351568818,13449,,1.813624947999415e-07,,3.4434757232666016,,0.17760707437992096,,0.17759153246879578
,1360.0,2,0.00031555554596707225,13499,,1.561757869694702e-07,,3.4859719276428223,,0.17757628858089447,,0.17756323516368866
,1380.0,2,0.0003146666567772627,13549,,1.6021118653952726e-07,,3.2615914344787598,,0.17756785452365875,,0.17755255103111267
,1356.0,2,0.0003137777675874531,13599,,1.6284046466807922e-07,,2.267565965652466,,0.1776987612247467,,0.17770330607891083
,1356.0,2,0.00031288887839764357,13649,,1.766790660440165e-07,,2.783435106277466,,0.1776573210954666,,0.17765162885189056
,1356.0,2,0.000311999989207834,13699,,1.5798100605479704e-07,,3.5497679710388184,,0.17768457531929016,,0.17767608165740967
,1372.0,2,0.00031111110001802444,13749,,1.8243102317683224e-07,,3.428025960922241,,0.17764465510845184,,0.1776423454284668
,1392.0,2,0.0003102222108282149,13799,,1.715964401682868e-07,,3.8425397872924805,,0.17766538262367249,,0.17765271663665771
,1332.0,2,0.0003093333216384053,13849,,1.8367188658885425e-07,,3.9877443313598633,,0.17758654057979584,,0.17756958305835724
,1364.0,2,0.00030844443244859576,13899,,1.8926340317193535e-07,,3.7466089725494385,,0.1776018887758255,,0.17757633328437805
,1392.0,2,0.0003075555432587862,13949,,1.6967466365258588e-07,,3.252972364425659,,0.17764239013195038,,0.17760783433914185
,1364.0,2,0.00030666665406897664,13999,,1.7592866186078027e-07,,3.609307050704956,,0.17769962549209595,,0.17766205966472626
,1388.0,2,0.0003057777648791671,14049,,1.5214511961403332e-07,,3.1399953365325928,,0.17771142721176147,,0.17766335606575012
,1384.0,2,0.0003048888756893575,14099,,1.5575463407913048e-07,,2.6946001052856445,,0.17781972885131836,,0.1777573823928833
,1348.0,2,0.00030399998649954796,14149,,1.8764404785542865e-07,,3.6247329711914062,,0.17784704267978668,,0.17779718339443207
,1368.0,2,0.0003031110973097384,14199,,1.589709199834033e-07,,3.7824008464813232,,0.17791512608528137,,0.1778724491596222
,1376.0,2,0.00030222220811992884,14249,,1.7445221089928964e-07,,3.6695961952209473,,0.17795348167419434,,0.1779000610113144
,1376.0,2,0.0003013333189301193,14299,,1.4600342979065317e-07,,3.9839556217193604,,0.1779175102710724,,0.17787308990955353
,1372.0,2,0.00030044445884414017,14349,,1.5906003625332232e-07,,3.8595879077911377,,0.17787040770053864,,0.17781172692775726
,1376.0,2,0.0002995555696543306,14399,,1.8610349172831775e-07,,3.3312225341796875,,0.1778191179037094,,0.17775733768939972
,1392.0,2,0.00029866668046452105,14449,,1.5362047633971088e-07,,3.0904603004455566,,0.17787255346775055,,0.17780949175357819
,1380.0,2,0.0002977777912747115,14499,,1.919334380318105e-07,,4.006801605224609,,0.1779579073190689,,0.17789311707019806
,1368.0,2,0.00029688890208490193,14549,,1.5051348611905269e-07,,3.0062098503112793,,0.1779315322637558,,0.17786085605621338
,1380.0,2,0.00029600001289509237,14599,,1.6650029976972291e-07,,3.8705270290374756,,0.17789588868618011,,0.1778361052274704
,1380.0,2,0.0002951111237052828,14649,,1.8369229337622528e-07,,3.348140001296997,,0.177989661693573,,0.17793874442577362
,1348.0,2,0.00029422223451547325,14699,,1.5087033489180612e-07,,3.476407527923584,,0.1780295968055725,,0.17798131704330444
,1380.0,2,0.0002933333453256637,14749,,1.6347114240033989e-07,,2.8602285385131836,,0.1780662089586258,,0.1780209243297577
,1356.0,2,0.0002924444561358541,14799,,1.3837343715294992e-07,,3.217315435409546,,0.1780584454536438,,0.17801553010940552
,1328.0,2,0.00029155556694604456,14849,,1.7380627070906485e-07,,3.6015243530273438,,0.17805013060569763,,0.1780099719762802
,1384.0,2,0.000290666677756235,14899,,1.2611589284006186e-07,,3.2188868522644043,,0.17800523340702057,,0.17796356976032257
,1328.0,2,0.00028977778856642544,14949,,1.8602392515276733e-07,,3.8185067176818848,,0.17801228165626526,,0.17797525227069855
,1364.0,2,0.0002888888993766159,14999,,1.6495793886406318e-07,,3.242058515548706,,0.17797349393367767,,0.17793765664100647
,1360.0,2,0.0002880000101868063,15049,,1.4045315310795559e-07,,3.1022539138793945,,0.17803716659545898,,0.17800664901733398
,1388.0,2,0.00028711112099699676,15099,,1.8074369734222273e-07,,3.7570557594299316,,0.17796550691127777,,0.17794585227966309
,1384.0,2,0.0002862222318071872,15149,,1.4000285375459498e-07,,3.202000856399536,,0.17809954285621643,,0.1780751794576645
,1352.0,2,0.00028533334261737764,15199,,1.5689016663600341e-07,,3.704349994659424,,0.1780729442834854,,0.17804566025733948
,1376.0,2,0.0002844444534275681,15249,,1.4716498242250964e-07,,3.682156562805176,,0.17803099751472473,,0.17801323533058167
,1388.0,2,0.0002835555642377585,15299,,1.7435655763620161e-07,,3.3753180503845215,,0.17801804840564728,,0.17800067365169525
,1372.0,2,0.00028266667504794896,15349,,1.4495627453925408e-07,,3.0562398433685303,,0.17799413204193115,,0.17798039317131042
,1356.0,2,0.0002817777858581394,15399,,1.5034994760299014e-07,,2.994619607925415,,0.17806190252304077,,0.17804960906505585
,1376.0,2,0.00028088889666832983,15449,,1.7459429102473223e-07,,3.8986546993255615,,0.17797523736953735,,0.17796236276626587
,1360.0,2,0.0002800000074785203,15499,,1.5490738292101014e-07,,3.067122220993042,,0.17798511683940887,,0.17797574400901794
,1368.0,2,0.0002791111182887107,15549,,1.4699885753088893e-07,,2.8230082988739014,,0.1779801845550537,,0.17797692120075226
,1372.0,2,0.00027822222909890115,15599,,1.9124351524624217e-07,,4.10062313079834,,0.1779266744852066,,0.1779169738292694
1365.9970703125,,2,,15611,1.8747893193449272e-07,,3.4579060077667236,,0.1776847541332245,,0.17765648663043976,
,1388.0,3,0.0002773333399090916,15649,,1.618364677824502e-07,,3.6362571716308594,,0.17795436084270477,,0.17794011533260345
,1380.0,3,0.00027644445071928203,15699,,1.6291619431285653e-07,,3.4924216270446777,,0.17794954776763916,,0.17794470489025116
,1352.0,3,0.00027555556152947247,15749,,1.6205271435865143e-07,,3.5888519287109375,,0.17798922955989838,,0.17799095809459686
,1348.0,3,0.0002746666723396629,15799,,1.5450848422915442e-07,,2.553251028060913,,0.177955761551857,,0.17795541882514954
,1368.0,3,0.00027377778314985335,15849,,1.5825007437797467e-07,,3.5733256340026855,,0.17792843282222748,,0.17792659997940063
,1392.0,3,0.0002728888939600438,15899,,1.6238344358043832e-07,,3.667022466659546,,0.17797276377677917,,0.17796684801578522
,1340.0,3,0.00027200000477023423,15949,,1.5655228935429477e-07,,3.5124731063842773,,0.17790360748767853,,0.17789123952388763
,1352.0,3,0.00027111111558042467,15999,,1.5755962579078187e-07,,3.6182804107666016,,0.17793981730937958,,0.17793996632099152
,1340.0,3,0.0002702222263906151,16049,,1.6638416866499028e-07,,3.5891542434692383,,0.17789997160434723,,0.17790208756923676
,1384.0,3,0.00026933333720080554,16099,,1.5379413298433064e-07,,3.5763144493103027,,0.17790915071964264,,0.17791661620140076
,1364.0,3,0.000268444448010996,16149,,1.5129627684018487e-07,,3.5183205604553223,,0.1778855174779892,,0.177897647023201
,1340.0,3,0.0002675555588211864,16199,,1.6938987812409323e-07,,3.655513286590576,,0.17786003649234772,,0.17787885665893555
,1348.0,3,0.00026666666963137686,16249,,1.572872605493103e-07,,3.2426843643188477,,0.17784959077835083,,0.17786748707294464
,1340.0,3,0.0002657777804415673,16299,,1.6144541348239727e-07,,3.0699801445007324,,0.17782637476921082,,0.17785663902759552
,1344.0,3,0.00026488889125175774,16349,,1.373168174723105e-07,,3.4775390625,,0.17788957059383392,,0.1779240220785141
,1336.0,3,0.0002640000020619482,16399,,1.4314220209143969e-07,,2.868145227432251,,0.17790625989437103,,0.17793506383895874
,1404.0,3,0.0002631111128721386,16449,,2.1204682809639053e-07,,3.8173601627349854,,0.17796096205711365,,0.17798535525798798
,1376.0,3,0.00026222222368232906,16499,,1.506540883156049e-07,,3.3262839317321777,,0.17788811028003693,,0.17790663242340088
,1360.0,3,0.0002613333344925195,16549,,1.3776404728105263e-07,,3.3027400970458984,,0.17794683575630188,,0.17797063291072845
,1340.0,3,0.00026044444530270994,16599,,1.3777585650132096e-07,,3.0340187549591064,,0.17803655564785004,,0.1780550628900528
,1376.0,3,0.0002595555561129004,16649,,1.5634346084425488e-07,,4.3192009925842285,,0.17798089981079102,,0.17799152433872223
,1360.0,3,0.0002586666669230908,16699,,1.5524632601682242e-07,,3.161843776702881,,0.17795364558696747,,0.17796526849269867
,1352.0,3,0.00025777777773328125,16749,,1.4647173429693794e-07,,3.522587299346924,,0.1779182404279709,,0.1779327690601349
,1384.0,3,0.0002568888885434717,16799,,1.609765405419239e-07,,3.6470565795898438,,0.17801295220851898,,0.1780358999967575
,1380.0,3,0.00025599999935366213,16849,,1.632440813637004e-07,,3.528916120529175,,0.1779954880475998,,0.1780245155096054
,1344.0,3,0.00025511111016385257,16899,,1.5425155197590357e-07,,3.5869641304016113,,0.17796504497528076,,0.17799563705921173
,1368.0,3,0.000254222220974043,16949,,1.6512740330654196e-07,,4.109224319458008,,0.17796996235847473,,0.17800380289554596
,1372.0,3,0.00025333333178423345,16999,,1.5224331662011537e-07,,2.9650537967681885,,0.1779816448688507,,0.17802086472511292
,1368.0,3,0.0002524444425944239,17049,,1.6186223206204886e-07,,3.544829845428467,,0.1779247671365738,,0.1779506653547287
,1332.0,3,0.00025155555340461433,17099,,1.4334389675241255e-07,,3.7580714225769043,,0.1779019683599472,,0.17793142795562744
,1380.0,3,0.00025066666421480477,17149,,1.3958683098280744e-07,,3.5419652462005615,,0.17787514626979828,,0.17790178954601288
,1380.0,3,0.0002497777750249952,17199,,1.5711928824657662e-07,,3.5084621906280518,,0.17789489030838013,,0.17792393267154694
,1336.0,3,0.00024888888583518565,17249,,1.4258924352361646e-07,,3.7725069522857666,,0.17777906358242035,,0.17781378328800201
,1364.0,3,0.0002479999966453761,17299,,1.493570636057484e-07,,3.993974447250366,,0.1777859628200531,,0.17781437933444977
,1364.0,3,0.0002471111074555665,17349,,1.5063046987506823e-07,,3.051663398742676,,0.17783822119235992,,0.17785672843456268
,1396.0,3,0.00024622221826575696,17399,,1.5486905624584324e-07,,3.457430601119995,,0.17788687348365784,,0.1779053509235382
,1380.0,3,0.0002453333290759474,17449,,1.451342797054167e-07,,3.3691978454589844,,0.177849680185318,,0.17786452174186707
,1364.0,3,0.00024444443988613784,17499,,1.602781622978e-07,,4.019547939300537,,0.1778525710105896,,0.17787271738052368
,1364.0,3,0.00024355555069632828,17549,,1.7183035083689902e-07,,3.895250082015991,,0.1778670996427536,,0.1778954565525055
,1396.0,3,0.00024266666150651872,17599,,1.6515487288870645e-07,,3.711674213409424,,0.17786073684692383,,0.1778872311115265
,1372.0,3,0.00024177777231670916,17649,,1.5119287866127706e-07,,3.595942974090576,,0.17788280546665192,,0.17791256308555603
,1344.0,3,0.0002408888831268996,17699,,1.2437958218924905e-07,,3.2295968532562256,,0.17790159583091736,,0.17792995274066925
,1360.0,3,0.00023999999393709004,17749,,1.6133127189732477e-07,,3.5515294075012207,,0.17791414260864258,,0.1779337078332901
,1368.0,3,0.00023911110474728048,17799,,1.3705718515666376e-07,,3.3650636672973633,,0.17794768512248993,,0.1779675930738449
,1392.0,3,0.00023822221555747092,17849,,1.4564081141088536e-07,,4.3045806884765625,,0.17792782187461853,,0.17794816195964813
,1368.0,3,0.00023733332636766136,17899,,1.5517606755111046e-07,,3.8045732975006104,,0.1779172420501709,,0.17793528735637665
,1356.0,3,0.0002364444371778518,17949,,1.7671199259439163e-07,,3.6556804180145264,,0.17800013720989227,,0.1780133992433548
,1348.0,3,0.00023555556253995746,17999,,1.3517345109903545e-07,,3.653515100479126,,0.17803961038589478,,0.17804427444934845
,1364.0,3,0.0002346666733501479,18049,,1.7627358772642765e-07,,3.9432520866394043,,0.17795372009277344,,0.17794083058834076
,1376.0,3,0.00023377778416033834,18099,,1.3731740011735383e-07,,2.815424919128418,,0.1779799461364746,,0.1779627501964569
,1348.0,3,0.00023288889497052878,18149,,1.5895442118107894e-07,,3.7819831371307373,,0.17797420918941498,,0.1779528111219406
,1384.0,3,0.00023200000578071922,18199,,1.3132982701336005e-07,,3.4519925117492676,,0.17798587679862976,,0.17795871198177338
,1344.0,3,0.00023111111659090966,18249,,1.3251271013814403e-07,,3.298971176147461,,0.177963986992836,,0.1779460608959198
,1360.0,3,0.0002302222274011001,18299,,1.554216737531533e-07,,3.82722806930542,,0.1779584139585495,,0.17793576419353485
,1368.0,3,0.00022933333821129054,18349,,1.4846686724467872e-07,,3.4522526264190674,,0.17798732221126556,,0.17795300483703613
,1340.0,3,0.00022844444902148098,18399,,1.577327850554866e-07,,3.9589755535125732,,0.17795690894126892,,0.1779218465089798
,1376.0,3,0.00022755555983167142,18449,,1.2799054616152716e-07,,3.1204535961151123,,0.1779908686876297,,0.1779559999704361
,1348.0,3,0.00022666667064186186,18499,,1.5272193820692337e-07,,3.351743698120117,,0.1780087649822235,,0.1779811531305313
,1372.0,3,0.0002257777814520523,18549,,1.4845957707620983e-07,,3.388843297958374,,0.17800727486610413,,0.17798744142055511
,1412.0,3,0.00022488889226224273,18599,,1.3981947688535001e-07,,3.210584878921509,,0.17796814441680908,,0.17794127762317657
,1388.0,3,0.00022400000307243317,18649,,1.6156589310867275e-07,,3.711890935897827,,0.1779409497976303,,0.17791424691677094
,1384.0,3,0.0002231111138826236,18699,,1.280077839282967e-07,,3.311310291290283,,0.17800797522068024,,0.17798049747943878
,1360.0,3,0.00022222222469281405,18749,,1.3221946915109584e-07,,3.886044502258301,,0.17797842621803284,,0.17794562876224518
,1360.0,3,0.0002213333355030045,18799,,1.412713004356192e-07,,3.7526323795318604,,0.1779467910528183,,0.1779119372367859
,1368.0,3,0.00022044444631319493,18849,,1.420715989297605e-07,,3.6059978008270264,,0.17798924446105957,,0.1779591590166092
,1380.0,3,0.00021955555712338537,18899,,1.3297292866809585e-07,,3.045656442642212,,0.17798106372356415,,0.1779504418373108
,1380.0,3,0.0002186666679335758,18949,,1.4837361561603757e-07,,3.379232406616211,,0.17797259986400604,,0.17793430387973785
,1384.0,3,0.00021777777874376625,18999,,1.2855340969508688e-07,,3.426159381866455,,0.17789851129055023,,0.17786137759685516
,1384.0,3,0.0002168888895539567,19049,,1.4028670136667643e-07,,3.3114118576049805,,0.17794466018676758,,0.1779153198003769
,1364.0,3,0.00021600000036414713,19099,,1.338538453410365e-07,,2.9297943115234375,,0.17796409130096436,,0.17793616652488708
,1376.0,3,0.00021511111117433757,19149,,1.5119195495572058e-07,,3.676394462585449,,0.17804411053657532,,0.1780112385749817
,1376.0,3,0.000214222221984528,19199,,1.474871709206127e-07,,3.7833521366119385,,0.17804890871047974,,0.1780107319355011
,1400.0,3,0.00021333333279471844,19249,,1.3981465940560156e-07,,3.320720672607422,,0.17802846431732178,,0.177989661693573
,1356.0,3,0.00021244444360490888,19299,,1.430365728083416e-07,,3.9698851108551025,,0.17805758118629456,,0.1780179738998413
,1360.0,3,0.00021155555441509932,19349,,1.5589088775413984e-07,,4.073453903198242,,0.17805683612823486,,0.17801393568515778
,1384.0,3,0.00021066666522528976,19399,,1.1757393991729259e-07,,3.550532817840576,,0.17809320986270905,,0.1780453622341156
,1392.0,3,0.0002097777760354802,19449,,1.4522245805892453e-07,,3.6291308403015137,,0.17815843224525452,,0.17810077965259552
,1376.0,3,0.00020888888684567064,19499,,1.3445989566207572e-07,,3.1997005939483643,,0.17820687592029572,,0.17816320061683655
,1348.0,3,0.00020799999765586108,19549,,1.294495319825728e-07,,2.9631783962249756,,0.17824755609035492,,0.17821098864078522
,1348.0,3,0.00020711110846605152,19599,,1.2778107816302509e-07,,2.8396425247192383,,0.17824186384677887,,0.17820078134536743
,1364.0,3,0.00020622221927624196,19649,,1.310693420464304e-07,,3.0459377765655518,,0.17826931178569794,,0.17822697758674622
,1376.0,3,0.0002053333300864324,19699,,1.4723531194249517e-07,,3.387866973876953,,0.17826853692531586,,0.17822781205177307
,1336.0,3,0.00020444444089662284,19749,,1.5610451953307347e-07,,3.5944714546203613,,0.1782524287700653,,0.17822374403476715
,1368.0,3,0.00020355555170681328,19799,,1.4881041465741873e-07,,3.632704019546509,,0.17823420464992523,,0.17820940911769867
,1380.0,3,0.00020266666251700372,19849,,1.3300034140684147e-07,,3.6878135204315186,,0.17821624875068665,,0.1782035380601883
,1400.0,3,0.00020177777332719415,19899,,1.542842937851674e-07,,3.4720981121063232,,0.17822344601154327,,0.17821092903614044
,1368.0,3,0.0002008888841373846,19949,,1.250185590606634e-07,,2.9955976009368896,,0.17826761305332184,,0.17825305461883545
,1364.0,3,0.00019999999494757503,19999,,1.5248021156821778e-07,,3.5130820274353027,,0.17828714847564697,,0.1782653033733368
,1344.0,3,0.00019911110575776547,20049,,1.5726955382433516e-07,,3.9452738761901855,,0.1783330738544464,,0.17830905318260193
,1340.0,3,0.0001982222165679559,20099,,1.3437282575523568e-07,,3.429015636444092,,0.17832429707050323,,0.17830297350883484
,1356.0,3,0.00019733332737814635,20149,,1.633075612517132e-07,,3.9579861164093018,,0.17825265228748322,,0.17823591828346252
,1348.0,3,0.0001964444381883368,20199,,1.2907676705253834e-07,,3.181752920150757,,0.17819833755493164,,0.1781873255968094
,1356.0,3,0.00019555554899852723,20249,,1.1304155123070814e-07,,3.3978664875030518,,0.17820893228054047,,0.17820416390895844
,1380.0,3,0.00019466665980871767,20299,,1.1342696382143913e-07,,2.854081869125366,,0.17822445929050446,,0.17822504043579102
,1336.0,3,0.0001937777706189081,20349,,1.4733754483131634e-07,,3.555774450302124,,0.17827938497066498,,0.17828568816184998
,1376.0,3,0.00019288889598101377,20399,,1.4677142701202683e-07,,3.3915178775787354,,0.1782882660627365,,0.17829309403896332
,1364.0,3,0.00019200000679120421,20449,,1.505125624134962e-07,,3.4462618827819824,,0.17828889191150665,,0.17828789353370667
,1376.0,3,0.00019111111760139465,20499,,1.3126027909038385e-07,,3.7085137367248535,,0.1782454401254654,,0.17823919653892517
,1352.0,3,0.0001902222284115851,20549,,1.3499334272637498e-07,,3.6360809803009033,,0.1782572716474533,,0.1782461404800415
,1384.0,3,0.00018933333922177553,20599,,1.2829882223286404e-07,,3.385580539703369,,0.17823389172554016,,0.17822685837745667
,1392.0,3,0.00018844445003196597,20649,,1.426372335799897e-07,,3.400153398513794,,0.17825812101364136,,0.17825455963611603
,1392.0,3,0.0001875555608421564,20699,,1.449779887252589e-07,,3.6238739490509033,,0.17823362350463867,,0.17823386192321777
,1344.0,3,0.00018666667165234685,20749,,1.223651224790956e-07,,3.295132637023926,,0.17821592092514038,,0.1782156229019165
,1360.0,3,0.0001857777824625373,20799,,1.146088948189572e-07,,3.4814252853393555,,0.17816273868083954,,0.1781642585992813
1365.6927490234375,,3,,20815,1.4521472735395946e-07,,3.4579598903656006,,0.17802460491657257,,0.17802004516124725,
,1388.0,4,0.00018488889327272773,20849,,1.3151463917893125e-07,,3.4305782318115234,,0.1781262308359146,,0.17812560498714447
,1360.0,4,0.00018400000408291817,20899,,1.4105717127677053e-07,,3.3800292015075684,,0.1781543344259262,,0.17816101014614105
,1344.0,4,0.0001831111148931086,20949,,1.5244368967159971e-07,,4.134904384613037,,0.17811784148216248,,0.17812404036521912
,1400.0,4,0.00018222222570329905,20999,,1.271135516844879e-07,,2.981956720352173,,0.17811082303524017,,0.1781102567911148
,1344.0,4,0.00018133333651348948,21049,,1.516011280955354e-07,,3.5759685039520264,,0.1781335473060608,,0.17812764644622803
,1400.0,4,0.00018044444732367992,21099,,1.2689149286870816e-07,,3.506793975830078,,0.1782316267490387,,0.17822302877902985
,1392.0,4,0.00017955555813387036,21149,,1.3149715982763155e-07,,3.7851154804229736,,0.17824120819568634,,0.17823033034801483
,1376.0,4,0.0001786666689440608,21199,,1.3340647342374723e-07,,3.1164870262145996,,0.1783059686422348,,0.178292378783226
,1376.0,4,0.00017777777975425124,21249,,1.3874812054837093e-07,,3.465608835220337,,0.17834210395812988,,0.1783321350812912
,1376.0,4,0.00017688889056444168,21299,,1.3422021538644913e-07,,3.470919609069824,,0.17835192382335663,,0.1783488690853119
,1356.0,4,0.00017600000137463212,21349,,1.3040093449490087e-07,,3.1440775394439697,,0.17833209037780762,,0.17833498120307922
,1324.0,4,0.00017511111218482256,21399,,1.317741862294497e-07,,2.9841716289520264,,0.17833921313285828,,0.1783401221036911
,1428.0,4,0.000174222222995013,21449,,1.3145724153673655e-07,,3.907442569732666,,0.17836615443229675,,0.17837339639663696
,1404.0,4,0.00017333333380520344,21499,,1.3445198021599936e-07,,3.0570309162139893,,0.1783744990825653,,0.1783875972032547
,1372.0,4,0.00017244444461539388,21549,,1.164784535490071e-07,,3.738301992416382,,0.17836381494998932,,0.1783749759197235
,1332.0,4,0.00017155555542558432,21599,,1.3191694847591862e-07,,3.1325206756591797,,0.1783410608768463,,0.17835450172424316
,1364.0,4,0.00017066666623577476,21649,,1.3439918689073238e-07,,3.6505396366119385,,0.17833232879638672,,0.17835038900375366
,1356.0,4,0.0001697777770459652,21699,,1.3234804896455898e-07,,3.4260382652282715,,0.17836394906044006,,0.17837923765182495
