fname,label
BlaBla0506_110302-AggC-04.wav,Ag
BlaBla0506_110302-AggC-05.wav,Ag
BlaBla0506_110302-DC-01.wav,DC
BlaBla0506_110302-DC-02.wav,DC
BlaBla0506_110302-DC-05.wav,DC
BlaBla0506_110302-DC-06.wav,DC
BlaBla0506_110302-DC-08.wav,DC
BlaBla0506_110302-DC-10.wav,DC
BlaBla0506_110302-DC-11.wav,DC
BlaBla0506_110302-DC-12.wav,DC
BlaBla0506_110302-DC-13.wav,DC
BlaBla0506_110302-DC-14.wav,DC
BlaBla0506_110302-DC-15.wav,DC
BlaBla0506_110302-DC-16.wav,DC
BlaBla0506_110302-NekakleC-02.wav,Ne
BlaBla0506_110302-NekakleC-03.wav,Ne
BlaBla0506_110302-NekakleC-04.wav,Ne
BlaBla0506_110302-NekakleC-05.wav,Ne
BlaBla0506_110302-NekakleC-05a.wav,Ne
BlaBla0506_110302-NekakleC-05b.wav,Ne
BlaBla0506_110302-NekakleC-05c.wav,Ne
BlaBla0506_110302-NekakleC-05d.wav,Ne
BlaBla0506_110302-NekakleC-07.wav,Ne
BlaBla0506_110302-NekakleC-07a.wav,Ne
BlaBla0506_110302-NekakleC-07c.wav,Ne
BlaBla0506_110302-NekakleC-07d.wav,Ne
BlaBla0506_110302-NekakleC-08.wav,Ne
BlaBla0506_110302-NekakleC-09.wav,Ne
BlaBla0506_110302-NekakleC-10.wav,Ne
BlaBla0506_110302-NekakleC-11.wav,Ne
BlaBla0506_110302-NekakleC-12.wav,Ne
BlaBla0506_110302-NekakleC-12a.wav,Ne
BlaBla0506_110302-NekakleC-12b.wav,Ne
BlaBla0506_110302-NekakleC-12c.wav,Ne
BlaBla0506_110302-NekakleC-13.wav,Ne
BlaBla0506_110302-NekakleC-13a.wav,Ne
BlaBla0506_110302-NekakleC-13b.wav,Ne
BlaBla0506_110302-NekakleC-13c.wav,Ne
BlaBla0506_110302-NestC-02.wav,Ne
BlaBla0506_110302-NestC-04.wav,Ne
BlaBla0506_110302-NestC-09.wav,Ne
BlaBla0506_110302-NestC-09a.wav,Ne
BlaBla0506_110302-NestC-09c.wav,Ne
BlaBla0506_110302-NestC-09d.wav,Ne
BlaBla0506_110302-TetC-05.wav,Te
BlaBla0506_110302-TetC-06.wav,Te
BlaBla0506_110302-TetC-08.wav,Te
BlaBla0506_110302-TetC-09.wav,Te
BlaBla0506_110302-TetC-10.wav,Te
BlaBla0506_110302-TetC-11.wav,Te
BlaBla0506_110302-TetC-12.wav,Te
BlaBla0506_110302-TetC-13.wav,Te
BlaBla0506_110302-TetC-14.wav,Te
BlaBla0506_110302-TetC-15.wav,Te
BlaBla0506_110302-TetC-16.wav,Te
BlaBla0506_110302-TetC-17.wav,Te
BlaBla0506_110302-TetC-22.wav,Te
BlaBla0506_110302-WhineC-02.wav,Wh
BlaBla0506_110302-WhineC-06.wav,Wh
BlaBla0506_110302-WhineC-10.wav,Wh
BlaBla0506_110302-WhineC-12.wav,Wh
BlaBla0506_110302-WhineC-13.wav,Wh
BlaBla0506_110304-AggC-07.wav,Ag
BlaBla0506_110304-AggC-09.wav,Ag
BlaBla0506_110304-AggC-10.wav,Ag
BlaBla0506_110304-DC-17.wav,DC
BlaBla0506_110304-DC-18.wav,DC
BlaBla0506_110304-DC-19.wav,DC
BlaBla0506_110304-DC-20.wav,DC
BlaBla0506_110304-DC-21.wav,DC
BlaBla0506_110304-DC-22.wav,DC
BlaBla0506_110304-DC-24.wav,DC
BlaBla0506_110304-DC-25.wav,DC
BlaBla0506_110304-NekakleC-16.wav,Ne
BlaBla0506_110304-NekakleC-16a.wav,Ne
BlaBla0506_110304-NekakleC-16b.wav,Ne
BlaBla0506_110304-NekakleC-16c.wav,Ne
BlaBla0506_110304-NekakleC-16d.wav,Ne
BlaBla0506_110304-Song-06.wav,So
BlaBla0506_110304-Song-08.wav,So
BlaBla0506_110304-ThuckC-01.wav,Th
BlaBla0506_110304-ThuckC-02.wav,Th
BlaBla0506_110304-ThuckC-03.wav,Th
BlaBla0506_110304-ThuckC-04.wav,Th
BlaBla0506_110304-ThuckC-05.wav,Th
BlaBla0506_110304-WhineC-14.wav,Wh
BlaBla0506_110328-WhineC-15.wav,Wh
BlaBla0506_110328-WhineC-16.wav,Wh
BlaBla0506_110328-WhineC-18.wav,Wh
BlaBla0506_110404-AggC-12.wav,Ag
BlaBla0506_110404-DC-26.wav,DC
BlaBla0506_110404-Song-12.wav,So
BlaBla0506_110405-Song-15.wav,So
BlaLbl8026_110421-DC-01.wav,DC
BlaLbl8026_110421-Tet-03.wav,Te
BlaLbl8026_110421-Tet-04.wav,Te
BlaLbl8026_110421-Tet-06.wav,Te
BlaLbl8026_110422-Tet-07.wav,Te
BlaLbl8026_110422-Tet-08.wav,Te
BlaLbl8026_110422-Tet-09.wav,Te
BlaLbl8026_110422-Tet-10.wav,Te
BlaLbl8026_110422-Tet-11.wav,Te
BlaLbl8026_110422-Tet-13.wav,Te
BlaLbl8026_110425-AggC-02.wav,Ag
BlaLbl8026_110425-Tet-14.wav,Te
BlaLbl8026_110427-AggC-03.wav,Ag
BlaLbl8026_110428-DC-02.wav,DC
BlaLbl8026_110428-Tet-18.wav,Te
BlaLbl8026_110428-Tet-20.wav,Te
BlaLbl8026_110428-Tet-21.wav,Te
BlaLbl8026_110428-Tet-22.wav,Te
BlaLbl8026_110429-AggC-04.wav,Ag
BlaLbl8026_110429-DC-05.wav,DC
BlaLbl8026_110429-DC-06.wav,DC
BlaLbl8026_110429-DC-08.wav,DC
BlaLbl8026_110429-DC-12.wav,DC
BlaLbl8026_110429-DC-15.wav,DC
BlaLbl8026_110429-DC-18.wav,DC
BlaLbl8026_110429-DC-19.wav,DC
BlaLbl8026_110429-DC-23.wav,DC
BlaLbl8026_110429-DC-24.wav,DC
BlaLbl8026_110429-DC-25.wav,DC
BlaLbl8026_110429-DC-26.wav,DC
BlaLbl8026_110429-DC-28.wav,DC
BlaLbl8026_110429-DC-29.wav,DC
BlaLbl8026_110429-DC-30.wav,DC
BlaLbl8026_110429-DC-31.wav,DC
BlaLbl8026_110429-DC-32.wav,DC
BlaLbl8026_110429-DC-33.wav,DC
BlaLbl8026_110429-DC-34.wav,DC
BlaLbl8026_110429-DC-35.wav,DC
BlaLbl8026_110429-DC-36.wav,DC
BlaLbl8026_110429-DC-37.wav,DC
BlaLbl8026_110429-DC-38.wav,DC
BlaLbl8026_110429-DC-39.wav,DC
BlaLbl8026_110429-Tet-23.wav,Te
BlaLbl8026_110502-AggC-06.wav,Ag
BlaLbl8026_110606-NestC-02.wav,Ne
BlaLbl8026_110606-NestC-08.wav,Ne
BlaLbl8026_110606-NestC-09.wav,Ne
BlaLbl8026_110606-NestC-10.wav,Ne
BlaLbl8026_110607-AggC-20.wav,Ag
BlaLbl8026_110607-TukC-05.wav,Tu
BlaLbl8026_110608-Nest-C-13.wav,Ne
BlaLbl8026_110608-Nest-C-14.wav,Ne
BlaLbl8026_110608-TukC-06.wav,Tu
BlaLbl8026_110608-TukC-07.wav,Tu
BlaLbl8026_110608-TukC-08.wav,Tu
BlaLbl8026_110608-TukC-09.wav,Tu
BlaLbl8026_110608-TukC-10.wav,Tu
BlaLbl8026_110608-TukC-11.wav,Tu
BlaLbl8026_110608-TukC-12.wav,Tu
BlaLbl8026_110609-AggC-21.wav,Ag
BlaLbl8026_110609-AggC-22.wav,Ag
BlaLbl8026_110609-AggC-23.wav,Ag
BlaLbl8026_110609-AggC-24.wav,Ag
BlaLbl8026_110609-NestC-19.wav,Ne
BlaLbl8026_110609-NestC-21.wav,Ne
BlaLbl8026_110609-NestC-22.wav,Ne
BlaLbl8026_110609-NestC-23.wav,Ne
BlaLbl8026_110609-NestC-24.wav,Ne
BlaLbl8026_110609-NestC-25.wav,Ne
BlaLbl8026_110609-NestC-26.wav,Ne
BlaLbl8026_110609-NestC-27.wav,Ne
BlaLbl8026_110609-NestC-28.wav,Ne
BlaLbl8026_110609-NestC-29.wav,Ne
BlaLbl8026_110609-NestC-30a.wav,Ne
BlaLbl8026_110609-NestC-30b.wav,Ne
BlaLbl8026_110609-NestC-31a.wav,Ne
BlaLbl8026_110609-NestC-31b.wav,Ne
BlaLbl8026_110609-NestC-31d.wav,Ne
BlaLbl8026_110609-NestC-32B.wav,Ne
BlaLbl8026_110609-NestC-32a.wav,Ne
BlaLbl8026_110609-NestC-34.wav,Ne
BlaLbl8026_110609-NestC-35.wav,Ne
BlaLbl8026_110609-WhiCNestC-32c.wav,Wh
BlaLbl8026_110609-WhineC-07.wav,Wh
BlaLbl8026_110609-WhineC-08.wav,Wh
BlaLbl8026_110609-WhineC-09.wav,Wh
BluRas07dd_110406-TetC-01.wav,Te
BluRas07dd_110406-TetC-02.wav,Te
BluRas07dd_110406-TetC-06.wav,Te
BluRas07dd_110406-TetC-07.wav,Te
BluRas07dd_110406-TetC-08.wav,Te
BluRas07dd_110406-TetC-09.wav,Te
BluRas07dd_110406-TetC-10.wav,Te
BluRas07dd_110406-TetC-11.wav,Te
BluRas07dd_110406-TetC-12.wav,Te
BluRas07dd_110406-TetC-13.wav,Te
BluRas07dd_110406-TetC-14.wav,Te
BluRas07dd_110406-TetC-15.wav,Te
BluRas07dd_110406-TetC-16.wav,Te
BluRas07dd_110407-DC-01.wav,DC
BluRas07dd_110407-DC-03.wav,DC
BluRas07dd_110407-DC-04.wav,DC
BluRas07dd_110407-DC-05.wav,DC
BluRas07dd_110407-TetC-17.wav,Te
BluRas07dd_110407-TetC-18.wav,Te
BluRas07dd_110407-TetC-19.wav,Te
BluRas07dd_110411-TetC-20.wav,Te
BluRas07dd_110411-TetC-21.wav,Te
BluRas07dd_110411-TetC-22.wav,Te
BluRas07dd_110418-DC-06.wav,DC
BluRas07dd_110421-DC-07.wav,DC
BluRas07dd_110421-TetC-26.wav,Te
BluRas07dd_110421-TetC-27.wav,Te
BluRas07dd_110421-TetC-29.wav,Te
BluRas07dd_110425-DC-08.wav,DC
BluRas07dd_110425-DC-09.wav,DC
BluRas07dd_110425-DC-10.wav,DC
BluRas07dd_110427-DC-11.wav,DC
BluRas07dd_110428-DC-13.wav,DC
BluRas07dd_110428-DC-14.wav,DC
BluRas07dd_110429-DC-15.wav,DC
BluRas07dd_110429-DC-16.wav,DC
BluRas07dd_110429-DC-17.wav,DC
BluRas07dd_110429-DC-18.wav,DC
BluRas07dd_110429-DC-19.wav,DC
BluRas07dd_110429-DC-20.wav,DC
BluRas07dd_110429-DC-21.wav,DC
BluRas07dd_110429-DC-22.wav,DC
BluRas07dd_110429-DC-24.wav,DC
BluRas07dd_110429-DC-25.wav,DC
BluRas07dd_110429-DC-26.wav,DC
BluRas07dd_110429-DC-27.wav,DC
BluRas07dd_110429-DC-28.wav,DC
BluRas07dd_110429-DC-29.wav,DC
BluRas07dd_110429-DC-31.wav,DC
BluRas07dd_110511-NestC-01.wav,Ne
BluRas07dd_110511-NestC-02.wav,Ne
BluRas07dd_110511-NestC-03.wav,Ne
BluRas07dd_110511-NestC-04.wav,Ne
BluRas07dd_110511-NestC-06.wav,Ne
BluRas07dd_110511-NestC-08.wav,Ne
BluRas07dd_110511-NestC-09.wav,Ne
BluRas07dd_110511-NestC-10.wav,Ne
BluRas07dd_110511-NestC-11.wav,Ne
BluRas07dd_110511-NestC-12.wav,Ne
BluRas07dd_110511-NestC-15.wav,Ne
BluRas07dd_110511-NestCseq-05.wav,Ne
BluRas07dd_110513-AggC-05.wav,Ag
BluRas07dd_110513-AggC-08.wav,Ag
BluRas07dd_110513-AggC-09.wav,Ag
BluRas07dd_110513-AggC-10.wav,Ag
BluRas07dd_110513-AggC-12.wav,Ag
BluRas07dd_110513-AggC-13.wav,Ag
BluRas07dd_110513-AggC-15.wav,Ag
BluRas07dd_110513-NestC-18.wav,Ne
BluRas07dd_110513-NestC-19.wav,Ne
BluRas07dd_110601-AggC-17.wav,Ag
BluRas07dd_110601-AggC-20.wav,Ag
BluRas07dd_110601-AggC-24.wav,Ag
BluRas07dd_110607-NestC-21.wav,Ne
BluRas07dd_110607-NestSeq-20.wav,Ne
BluRas07dd_110607-NestSeq-22.wav,Ne
BluRas07dd_110607-TukC-01.wav,Tu
BluRas07dd_110607-TukC-02.wav,Tu
BluRas07dd_110607-TukC-03.wav,Tu
BluRas07dd_110607-TukC-04.wav,Tu
BluRas07dd_110607-TukC-05.wav,Tu
BluRas07dd_110607-TukC-06.wav,Tu
BluRas07dd_110607-TukC-07.wav,Tu
BluRas07dd_110607-TukC-08.wav,Tu
BluRas07dd_110607-TukC-09.wav,Tu
BluRas07dd_110607-TukC-10.wav,Tu
BluRas07dd_110607-TukC-11.wav,Tu
BluRas07dd_110607-TukC-12.wav,Tu
BluRas07dd_110607-TukC-14.wav,Tu
BluRas07dd_110607-TukC-15.wav,Tu
BluRas07dd_110607-TukC-18.wav,Tu
BluRas07dd_110607-TukC-19.wav,Tu
BluRas07dd_110607-TukC-20.wav,Tu
BluRas07dd_110607-TukC-21.wav,Tu
BluRas07dd_110607-TukC-22.wav,Tu
BluRas07dd_110607-TukC-23.wav,Tu
BluRas07dd_110608-TukC-24.wav,Tu
BluRas61dd_110406-TetC-01.wav,Te
BluRas61dd_110406-TetC-02.wav,Te
BluRas61dd_110406-TetC-03.wav,Te
BluRas61dd_110406-TetC-04.wav,Te
BluRas61dd_110406-TetC-05.wav,Te
BluRas61dd_110406-TetC-06.wav,Te
BluRas61dd_110406-TetC-07.wav,Te
BluRas61dd_110406-TetC-08.wav,Te
BluRas61dd_110406-TetC-09.wav,Te
BluRas61dd_110406-TetC-10.wav,Te
BluRas61dd_110406-TetC-11.wav,Te
BluRas61dd_110406-TetC-12.wav,Te
BluRas61dd_110406-TetC-13.wav,Te
BluRas61dd_110406-TetC-14.wav,Te
BluRas61dd_110406-TetC-15.wav,Te
BluRas61dd_110406-TetC-16.wav,Te
BluRas61dd_110406-TetC-17.wav,Te
BluRas61dd_110406-TetC-18.wav,Te
BluRas61dd_110406-TetC-19.wav,Te
BluRas61dd_110406-TetC-20.wav,Te
BluRas61dd_110407-DC-01.wav,DC
BluRas61dd_110407-DC-02.wav,DC
BluRas61dd_110407-DC-03.wav,DC
BluRas61dd_110414-DC-04.wav,DC
BluRas61dd_110414-DC-05.wav,DC
BluRas61dd_110414-DC-06.wav,DC
BluRas61dd_110414-DC-07.wav,DC
BluRas61dd_110414-DC-08.wav,DC
BluRas61dd_110414-DC-09.wav,DC
BluRas61dd_110414-DC-10.wav,DC
BluRas61dd_110414-DC-11.wav,DC
BluRas61dd_110414-DC-12.wav,DC
BluRas61dd_110414-DC-13.wav,DC
BluRas61dd_110414-DC-14.wav,DC
BluRas61dd_110414-DC-15.wav,DC
BluRas61dd_110414-Song-08.wav,So
BluRas61dd_110414-TetC-21.wav,Te
BluRas61dd_110414-TetC-22.wav,Te
BluRas61dd_110421-DC-18.wav,DC
BluRas61dd_110421-DC-19.wav,DC
BluRas61dd_110421-DC-20.wav,DC
BluRas61dd_110421-DC-21.wav,DC
BluRas61dd_110421-DC-22.wav,DC
BluRas61dd_110421-DC-23.wav,DC
BluRas61dd_110421-DC-24.wav,DC
BluRas61dd_110421-DC-25.wav,DC
BluRas61dd_110421-DC-26.wav,DC
BluRas61dd_110421-DC-27.wav,DC
BluRas61dd_110421-DC-28.wav,DC
BluRas61dd_110421-DC-29.wav,DC
BluRas61dd_110421-TetC-23.wav,Te
BluRas61dd_110421-TetC-24.wav,Te
BluRas61dd_110421-TetC-25.wav,Te
BluRas61dd_110421-TetC-26.wav,Te
BluRas61dd_110421-TetC-27.wav,Te
BluRas61dd_110421-TetC-28.wav,Te
BluRas61dd_110421-TetC-29.wav,Te
BluRas61dd_110421-TetC-30.wav,Te
BluRas61dd_110422-DC-30.wav,DC
BluRas61dd_110422-DC-31.wav,DC
BluRas61dd_110422-Song-09.wav,So
BluRas61dd_110422-Song-10.wav,So
BluRas61dd_110422-Song-11.wav,So
BluRas61dd_110425-Song-13.wav,So
BluRas61dd_110425-Song-14.wav,So
BluRas61dd_110429-AggC-02.wav,Ag
BluRas61dd_110429-AggC-03.wav,Ag
BluRas61dd_110429-AggC-04.wav,Ag
BluRas61dd_110429-AggC-09.wav,Ag
BluRas61dd_110429-DC-32.wav,DC
BluRas61dd_110429-DC-33.wav,DC
BluRas61dd_110429-DC-34.wav,DC
BluRas61dd_110429-DC-35.wav,DC
BluRas61dd_110429-DC-36.wav,DC
BluRas61dd_110429-DC-37.wav,DC
BluRas61dd_110502-AggC-10.wav,Ag
BluRas61dd_110502-AggC-11.wav,Ag
BluRas61dd_110502-AggC-12.wav,Ag
BluRas61dd_110502-AggC-15.wav,Ag
BluRas61dd_110502-AggC-17.wav,Ag
BluRas61dd_110502-AggC-18.wav,Ag
BluRas61dd_110502-Song-17.wav,So
BluRas61dd_110502-Song-18.wav,So
BluRas61dd_110511-NestC-01.wav,Ne
BluRas61dd_110511-NestC-02.wav,Ne
BluRas61dd_110511-NestC-03.wav,Ne
BluRas61dd_110511-NestC-04.wav,Ne
BluRas61dd_110511-NestC-05.wav,Ne
BluRas61dd_110511-NestC-06.wav,Ne
BluRas61dd_110511-NestC-07.wav,Ne
BluRas61dd_110511-NestC-08.wav,Ne
BluRas61dd_110511-NestC-09.wav,Ne
BluRas61dd_110511-NestC-11.wav,Ne
BluRas61dd_110511-NestC-13.wav,Ne
BluRas61dd_110511-NestC-14.wav,Ne
BluRas61dd_110511-NestC-15.wav,Ne
BluRas61dd_110511-NestC-16.wav,Ne
BluRas61dd_110511-NestC-17.wav,Ne
BluRas61dd_110511-NestC-18.wav,Ne
BluRas61dd_110511-NestC-19.wav,Ne
BluRas61dd_110511-NestC-20.wav,Ne
BluRas61dd_110511-NestC-21.wav,Ne
BluRas61dd_110511-NestC-22.wav,Ne
BluRas61dd_110511-NestC-23.wav,Ne
BluRas61dd_110511-NestC-24.wav,Ne
BluRas61dd_110511-NestC-25.wav,Ne
BluRas61dd_110511-NestC-26.wav,Ne
BluRas61dd_110511-NestC-27.wav,Ne
BluRas61dd_110511-NestC-28.wav,Ne
BluRas61dd_110511-NestC-29.wav,Ne
BluRas61dd_110511-NestC-30.wav,Ne
BluRas61dd_110511-NestC-31.wav,Ne
BluRas61dd_110511-NestC-32.wav,Ne
BluRas61dd_110511-NestC-34.wav,Ne
BluRas61dd_110511-NestC-36.wav,Ne
BluRas61dd_110511-NestC-37.wav,Ne
BluRas61dd_110511-NestC-41.wav,Ne
BluRas61dd_110511-NestCSeq-38.wav,Ne
BluRas61dd_110511-NestCSeq-39.wav,Ne
BluRas61dd_110511-NestCSeq-40.wav,Ne
BluRas61dd_110511-NestCSeq-42.wav,Ne
BluRas61dd_110511-Song-19.wav,So
BluRas61dd_110511-Song-20.wav,So
BluRas61dd_110513-Song-21.wav,So
BluRas61dd_110513-Song-22.wav,So
BluRas61dd_110518-NestC-46.wav,Ne
BluRas61dd_110518-NestC-47.wav,Ne
BluRas61dd_110518-NestC-48.wav,Ne
BluRas61dd_110518-NestC-49.wav,Ne
BluRas61dd_110518-NestC-50.wav,Ne
BluRas61dd_110518-NestC-51.wav,Ne
BluRas61dd_110518-NestCSeq-43.wav,Ne
BluRas61dd_110607-TukC-01.wav,Tu
BluRas61dd_110607-TukC-02.wav,Tu
BluRas61dd_110607-TukC-03.wav,Tu
BluRas61dd_110607-TukC-04.wav,Tu
BluRas61dd_110607-TukC-05.wav,Tu
BluRas61dd_110607-TukC-06.wav,Tu
BluRas61dd_110607-TukC-07.wav,Tu
BluRas61dd_110607-TukC-08.wav,Tu
BluRas61dd_110607-TukC-09.wav,Tu
GraGra0201_110615-DC-02.wav,DC
GraGra0201_110615-DC-03.wav,DC
GraGra0201_110615-DC-04.wav,DC
GraGra0201_110615-TetC-04.wav,Te
GraGra0201_110615-TetC-05.wav,Te
GraGra0201_110615-TetC-06.wav,Te
GraGra0201_110616-DC-06.wav,DC
GraGra0201_110616-TetC-07.wav,Te
GraGra0201_110616-TetC-08.wav,Te
GraGra0201_110616-TetC-09.wav,Te
GraGra0201_110616-TetC-10.wav,Te
GraGra0201_110616-TukC-01.wav,Tu
GraGra0201_110616-TukC-02.wav,Tu
GraGra0201_110616-TukC-03.wav,Tu
GraGra0201_110616-TukC-04.wav,Tu
GraGra0201_110616-TukC-05.wav,Tu
GraGra0201_110616-TukC-06.wav,Tu
GraGra0201_110617-DC-08.wav,DC
GraGra0201_110617-DC-09.wav,DC
GraGra0201_110617-DC-10.wav,DC
GraGra0201_110617-TetC-11.wav,Te
GraGra0201_110617-TetC-12.wav,Te
GraGra0201_110617-TetC-13.wav,Te
GraGra0201_110617-TetC-14.wav,Te
GraGra0201_110617-TetC-15.wav,Te
GraGra0201_110617-TetC-16.wav,Te
GraGra0201_110617-TetC-17.wav,Te
GraGra0201_110617-TetC-18.wav,Te
GraGra0201_110617-TetC-19.wav,Te
GraGra0201_110617-TetC-20.wav,Te
GraGra0201_110617-TetC-21.wav,Te
GraGra0201_110617-TetC-22.wav,Te
GraGra0201_110617-TetC-23.wav,Te
GraGra0201_110617-TetC-24.wav,Te
GraGra0201_110617-TukC-07.wav,Tu
GraGra0201_110617-TukC-08.wav,Tu
GraGra0201_110617-TukC-09.wav,Tu
GraGra0201_110617-TukC-10.wav,Tu
GraGra0201_110617-TukC-11.wav,Tu
GraGra0201_110617-TukC-12.wav,Tu
GraGra0201_110617-TukC-13.wav,Tu
GraGra0201_110620-AggC-02.wav,Ag
GraGra0201_110620-AggC-04.wav,Ag
GraGra0201_110620-DC-12.wav,DC
GraGra0201_110620-DC-15.wav,DC
GraGra0201_110620-DC-16.wav,DC
GraGra0201_110620-DC-17.wav,DC
GraGra0201_110620-DC-20.wav,DC
GraGra0201_110620-DC-21.wav,DC
GraGra0201_110620-DC-22.wav,DC
GraGra0201_110620-NestC-03.wav,Ne
GraGra0201_110620-NestC-04.wav,Ne
GraGra0201_110620-NestC-06.wav,Ne
GraGra0201_110620-NestCSeq-01.wav,Ne
GraGra0201_110620-NestCSeq-02.wav,Ne
GraGra0201_110620-NestCSeq-05.wav,Ne
GraGra0201_110620-NestCSeq-07.wav,Ne
GraGra0201_110620-TetC-25.wav,Te
GraGra0201_110620-TetC-26.wav,Te
GraGra0201_110620-TetC-27.wav,Te
GraGra0201_110620-TetC-28.wav,Te
GraGra0201_110620-TetC-29.wav,Te
GraGra0201_110620-TetC-30.wav,Te
GraGra0201_110620-TetC-31.wav,Te
GraGra0201_110620-TetC-32.wav,Te
GraGra0201_110620-TetC-33.wav,Te
GraGra0201_110620-TetC-34.wav,Te
GraGra0201_110620-TetC-35.wav,Te
GraGra0201_110620-TetC-36.wav,Te
GraGra0201_110620-TetC-37.wav,Te
GraGra0201_110620-TetC-38.wav,Te
GraGra0201_110620-TukC-14.wav,Tu
GraGra0201_110620-TukC-15.wav,Tu
GraGra0201_110620-TukC-16.wav,Tu
GraGra0201_110620-TukC-17.wav,Tu
GraGra0201_110620-TukC-18.wav,Tu
GraGra0201_110620-TukC-19.wav,Tu
GraGra0201_110620-TukC-20.wav,Tu
GraGra0201_110620-TukC-21.wav,Tu
GraGra0201_110622-AggC-05.wav,Ag
GraGra0201_110622-AggC-06.wav,Ag
GraGra0201_110622-NestCSeq-11.wav,Ne
GraGra0201_110622-NestCSeq-12.wav,Ne
GraGra0201_110622-NestCSeq-13.wav,Ne
GraGra0201_110623-AggC-08.wav,Ag
GraGra0201_110623-AggC-09.wav,Ag
GraGra0201_110623-AggC-10.wav,Ag
GraGra0201_110623-AggC-11.wav,Ag
GraGra0201_110623-NestC-22.wav,Ne
GraGra0201_110623-NestC-28.wav,Ne
GraGra0201_110623-NestC-29.wav,Ne
GraGra0201_110623-NestC-30.wav,Ne
GraGra0201_110623-NestC-33.wav,Ne
GraGra0201_110623-NestC-34.wav,Ne
GraGra0201_110623-NestC-38.wav,Ne
GraGra0201_110623-NestCSeq-19.wav,Ne
GraGra0201_110623-NestCSeq-20.wav,Ne
GraGra0201_110623-NestCSeq-23.wav,Ne
GraGra0201_110623-NestCSeq-24.wav,Ne
GraGra0201_110623-NestCSeq-25.wav,Ne
GraGra0201_110623-NestCSeq-26.wav,Ne
GraGra0201_110623-NestCSeq-27.wav,Ne
GraGra0201_110623-NestCSeq-31.wav,Ne
GraGra0201_110623-NestCSeq-32.wav,Ne
GraGra0201_110623-NestCSeq-35.wav,Ne
GraGra0201_110623-NestCSeq-36.wav,Ne
GraGra0201_110623-NestCSeq-40.wav,Ne
GraGra0201_110623-NestCSeq-43.wav,Ne
GraGra0201_110623-NestCSeq-44.wav,Ne
GraGra0201_110623-NestCSeq-45.wav,Ne
GraGra0201_110623-NestCSeq-46.wav,Ne
GraGra0201_110623-NestCSeq-47.wav,Ne
GraGra0201_110623-NestCSeq-48.wav,Ne
GraGra0201_110623-NestCSeq-49.wav,Ne
GraGra0201_110623-NestCSeq-51.wav,Ne
GraGra0201_110623-NestCSeq-52.wav,Ne
GraGra0201_110623-NestCSeq-53.wav,Ne
GraGra0201_110623-NestCSeq-54.wav,Ne
GraGra0201_110623-WhineC-01.wav,Wh
GraGra0201_110623-WhineC-02.wav,Wh
GraGra0201_110623-WhineCSeq-04.wav,Wh
GraGra0201_110623-WhineCSeq-05b.wav,Wh
GraGra0201_110623-WhineCSeq-05d.wav,Wh
GraGra0201_110623-WhineCSeq-05e.wav,Wh
GraGra0201_110623-WhineCSeq-06.wav,Wh
GraGra0201_110627-AggC-12.wav,Ag
GraGra0201_110627-AggC-13.wav,Ag
GraGra0201_110627-NestCSeq-55.wav,Ne
GraGra0201_110630-AggC-14.wav,Ag
GraGra0201_110630-AggC-15.wav,Ag
GraGra0201_110630-DC-23.wav,DC
GraGra0201_110630-DC-24.wav,DC
GraGra0201_110630-DC-26.wav,DC
GraGra0201_110630-DC-27.wav,DC
GraGra0201_110630-DC-28.wav,DC
GraGra0201_110630-DC-29.wav,DC
GraGra0201_110630-DC-30.wav,DC
GraGra0201_110630-DC-31.wav,DC
GraGra0201_110630-DC-32.wav,DC
GraGra0201_110630-DC-33.wav,DC
GraGra0201_110701-DC-34.wav,DC
GraGra0201_110701-DC-35.wav,DC
GraGra0201_110701-DC-36.wav,DC
GraGra0201_110706-DC-37.wav,DC
GraGra0201_110706-DC-38.wav,DC
GraGra0201_110706-DC-39.wav,DC
GraGra0201_110706-DC-40.wav,DC
GraGra0201_110706-DC-41.wav,DC
GraGra0201_110706-DC-42.wav,DC
GraGra0201_110706-DC-43.wav,DC
GraGra0201_110706-DC-44.wav,DC
GraGra0201_110706-DC-45.wav,DC
GraGra0201_110706-DC-46.wav,DC
GraGra0201_110706-DC-47.wav,DC
GraGra0201_110706-DC-48.wav,DC
GraGra0201_110728-DC-49.wav,DC
GraGra0201_110728-DC-50.wav,DC
GraGra0201_110907-ThuckC-01.wav,Th
GraGra0201_110907-ThuckC-02.wav,Th
GraGra0201_110907-ThuckC-03.wav,Th
GraGra0201_110907-ThuckC-04.wav,Th
GraGra0201_110907-ThuckC-05.wav,Th
GraGra0201_110907-ThuckC-06.wav,Th
GraGra0201_110907-ThuckC-07.wav,Th
GraGra0201_110907-ThuckC-08.wav,Th
GraGra0201_110907-ThuckC-09.wav,Th
GraGra0201_110907-ThuckC-11.wav,Th
GraGra0201_110907-ThuckC-12.wav,Th
GraGra0201_110907-ThuckC-13.wav,Th
GraGra0201_110907-ThuckC-14.wav,Th
GraGra0201_110907-ThuckC-15.wav,Th
GraGra0201_110907-ThuckC-16.wav,Th
GraGra0201_110907-ThuckC-17.wav,Th
GraGra0201_110907-ThuckC-18.wav,Th
GraGra0201_110907-ThuckC-19.wav,Th
GraGra0201_110907-ThuckC-20.wav,Th
GraGra0201_110907-ThuckC-21.wav,Th
GraGra0201_110907-ThuckC-22.wav,Th
GraGra0201_110907-ThuckC-23.wav,Th
GraGra0201_110907-ThuckC-24.wav,Th
GraGra0201_110907-ThuckC-25.wav,Th
GraGra0201_110907-ThuckC-26.wav,Th
GraGra0201_110907-ThuckC-27.wav,Th
GraGra0201_110907-ThuckC-28.wav,Th
GraGra0201_110907-ThuckC-29.wav,Th
GraGra0201_110907-ThuckC-30.wav,Th
GraGra0201_110907-ThuckC-32.wav,Th
GraGra0201_110907-ThuckC-34.wav,Th
GraGra0201_110907-ThuckC-35.wav,Th
GraGra0201_110907-ThuckC-36.wav,Th
GraGra0201_110907-ThuckC-37.wav,Th
GraGra0201_110907-ThuckC-38.wav,Th
GraGra0201_110907-ThuckC-39.wav,Th
GraGra0201_110907-ThuckC-40.wav,Th
GraGra0201_110907-ThuckC-41.wav,Th
GraGra0201_110907-ThuckC-42.wav,Th
GraGra0201_110907-ThuckC-43.wav,Th
GraGra0201_110907-ThuckC-44.wav,Th
GraGra0201_110907-ThuckC-45.wav,Th
GraGra0201_110907-ThuckC-46.wav,Th
GraGra0201_110907-ThuckC-47.wav,Th
GraGra0201_110907-ThuckC-48.wav,Th
GraGra0201_110907-ThuckC-49.wav,Th
GraGra0201_110907-ThuckC-50.wav,Th
GraLbl0457_110411-DC-02.wav,DC
GraLbl0457_110411-DC-03.wav,DC
GraLbl0457_110411-DC-04.wav,DC
GraLbl0457_110411-Song-01.wav,So
GraLbl0457_110411-TetC-05.wav,Te
GraLbl0457_110411-TetC-06.wav,Te
GraLbl0457_110411-TetC-07.wav,Te
GraLbl0457_110411-TetC-08.wav,Te
GraLbl0457_110411-TetC-09.wav,Te
GraLbl0457_110411-TetC-10.wav,Te
GraLbl0457_110411-TetC-11.wav,Te
GraLbl0457_110411-TetC-12.wav,Te
GraLbl0457_110414-TetC-13.wav,Te
GraLbl0457_110414-TetC-14.wav,Te
GraLbl0457_110414-TetC-15.wav,Te
GraLbl0457_110418-DC-06.wav,DC
GraLbl0457_110418-TetC-16.wav,Te
GraLbl0457_110421-DC-08.wav,DC
GraLbl0457_110421-DC-09.wav,DC
GraLbl0457_110421-DC-10.wav,DC
GraLbl0457_110421-DC-13.wav,DC
GraLbl0457_110421-DC-14.wav,DC
GraLbl0457_110421-DC-15.wav,DC
GraLbl0457_110421-TetC-19.wav,Te
GraLbl0457_110421-TetC-20.wav,Te
GraLbl0457_110421-TetC-21.wav,Te
GraLbl0457_110421-TetC-23.wav,Te
GraLbl0457_110421-TetC-24.wav,Te
GraLbl0457_110421-TetC-25.wav,Te
GraLbl0457_110421-TetC-26.wav,Te
GraLbl0457_110421-TetC-27.wav,Te
GraLbl0457_110422-DC-16.wav,DC
GraLbl0457_110422-DC-17.wav,DC
GraLbl0457_110422-DC-18.wav,DC
GraLbl0457_110422-DC-19.wav,DC
GraLbl0457_110422-DC-20.wav,DC
GraLbl0457_110422-DC-21.wav,DC
GraLbl0457_110422-TetC-28.wav,Te
GraLbl0457_110425-DC-22.wav,DC
GraLbl0457_110425-Song-02.wav,So
GraLbl0457_110425-Song-03.wav,So
GraLbl0457_110428-DC-23.wav,DC
GraLbl0457_110428-DC-24.wav,DC
GraLbl0457_110428-DC-26.wav,DC
GraLbl0457_110428-TetC-29.wav,Te
GraLbl0457_110429-DC-27.wav,DC
GraLbl0457_110429-DC-28.wav,DC
GraLbl0457_110429-DC-29.wav,DC
GraLbl0457_110429-DC-30.wav,DC
GraLbl0457_110429-DC-31.wav,DC
GraLbl0457_110429-DC-32.wav,DC
GraLbl0457_110429-Song-04.wav,So
GraLbl0457_110429-Song-05.wav,So
GraLbl0457_110429-Song-06.wav,So
GraLbl0457_110429-Song-07.wav,So
GraLbl0457_110429-Song-08.wav,So
GraLbl0457_110429-Song-09.wav,So
GraLbl0457_110429-Song-10.wav,So
GraLbl0457_110429-Song-11.wav,So
GraLbl0457_110429-Song-12.wav,So
GraLbl0457_110504-NestC-01.wav,Ne
GraLbl0457_110504-NestC-02.wav,Ne
GraLbl0457_110509-NestC-04.wav,Ne
GraLbl0457_110601-NestC-08.wav,Ne
GraLbl0457_110601-NestC-10.wav,Ne
GraLbl0457_110601-NestC-11.wav,Ne
GraLbl0457_110601-NestC-12.wav,Ne
GraLbl0457_110601-NestC-13.wav,Ne
GraLbl0457_110601-NestC-14.wav,Ne
GraLbl0457_110601-NestC-15.wav,Ne
GraLbl0457_110601-NestC-16.wav,Ne
GraLbl0457_110603-NestC-18.wav,Ne
GraLbl0457_110603-NestC-19.wav,Ne
GraLbl0457_110603-NestC-20.wav,Ne
GraLbl0457_110603-NestC-21.wav,Ne
GraLbl0457_110603-NestC-22.wav,Ne
GraLbl0457_110603-Song-13.wav,So
GraLbl0457_110603-Song-14.wav,So
GraLbl0457_110606-AggC-05.wav,Ag
GraLbl0457_110606-AggC-06.wav,Ag
GraLbl0457_110606-AggC-07.wav,Ag
GraLbl0457_110606-AggC-08.wav,Ag
GraLbl0457_110606-AggC-09.wav,Ag
GraLbl0457_110606-AggC-11.wav,Ag
GraLbl0457_110606-AggC-12.wav,Ag
GraLbl0457_110606-NestC-26.wav,Ne
GraLbl0457_110606-NestC-27.wav,Ne
GraLbl0457_110606-NestC-29.wav,Ne
GraLbl0457_110606-NestC-31.wav,Ne
GraLbl0457_110606-NestC-37.wav,Ne
GraLbl0457_110606-NestC-38.wav,Ne
GraLbl0457_110606-NestC-39.wav,Ne
GraLbl0457_110606-NestCSeq-23.wav,Ne
GraLbl0457_110606-NestCSeq-24.wav,Ne
GraLbl0457_110606-NestCSeq-25.wav,Ne
GraLbl0457_110606-NestCSeq-28.wav,Ne
GraLbl0457_110606-NestCSeq-30.wav,Ne
GraLbl0457_110606-NestCSeq-32.wav,Ne
GraLbl0457_110606-NestCSeq-33.wav,Ne
GraLbl0457_110606-NestCSeq-34.wav,Ne
GraLbl0457_110606-NestCSeq-35.wav,Ne
GraLbl0457_110606-NestCSeq-36.wav,Ne
GraLbl0457_110606-NestCSeq-40.wav,Ne
GraLbl0457_110606-WhiC-01.wav,Wh
GraLbl0457_110606-WhiC-02.wav,Wh
GraLbl0457_110607-AggC-15.wav,Ag
GraLbl0457_110607-AggC-19.wav,Ag
GraLbl0457_110607-Song-15.wav,So
GraLbl0457_110608-NestCSeq-43.wav,Ne
GraLbl0457_110608-TukC-01.wav,Tu
GraLbl0457_110608-TukC-02.wav,Tu
GraLbl0457_110608-TukC-03.wav,Tu
GraLbl0457_110608-TukC-04.wav,Tu
GraLbl0457_110608-TukC-06.wav,Tu
GraLbl0457_110608-TukC-10.wav,Tu
GraLbl0457_110608-TukC-11.wav,Tu
GraLbl0457_110608-TukC-12.wav,Tu
GraLbl0457_110608-TukC-13.wav,Tu
GraLbl0457_110608-TukC-14.wav,Tu
GraLbl0457_110608-TukC-15.wav,Tu
GraLbl0457_110608-TukC-16.wav,Tu
GraLbl0457_110608-WhiC-04.wav,Wh
GraLbl0457_110608-WhiC-05.wav,Wh
GreGre2522_130416-Ag-01.wav,Ag
GreGre2522_130416-Te-01.wav,Te
GreGre2522_130416-Te-02.wav,Te
GreGre2522_130416-Te-03.wav,Te
GreGre2522_130416-Te-04.wav,Te
GreGre2522_130416-Te-05.wav,Te
GreGre2522_130416-Te-06.wav,Te
GreGre2522_130416-Te-07.wav,Te
GreGre2522_130416-Te-08.wav,Te
GreGre2522_130416-Te-09.wav,Te
GreGre2522_130416-Te-10.wav,Te
GreGre2522_130416-Te-11.wav,Te
GreGre2522_130416-Te-12.wav,Te
GreGre2522_130416-Te-13.wav,Te
GreGre2522_130416-Te-14.wav,Te
GreGre2522_130416-Te-15.wav,Te
GreGre2522_130416-Te-16.wav,Te
GreGre2522_130416-Te-17.wav,Te
GreGre2522_130416-Te-18.wav,Te
GreGre2522_130416-Te-19.wav,Te
GreGre2522_130416-Te-20.wav,Te
GreGre2522_130416-Te-21.wav,Te
GreGre2522_130416-Te-22.wav,Te
GreGre2522_130416-Te-23.wav,Te
GreGre2522_130416-Te-24.wav,Te
GreGre2522_130416-Te-25.wav,Te
GreGre2522_130416-Te-26.wav,Te
GreGre2522_130416-Te-27.wav,Te
GreGre2522_130416-Te-28.wav,Te
GreGre2522_130416-Te-29.wav,Te
GreGre2522_130416-Te-30.wav,Te
GreGre2522_130416-Te-31.wav,Te
GreGre2522_130416-Te-32.wav,Te
GreGre2522_130416-Te-33.wav,Te
GreGre2522_130416-Te-34.wav,Te
GreGre2522_130417-Ag-02.wav,Ag
GreGre2522_130417-Wh-01.wav,Wh
GreGre2522_130417-Wh-02.wav,Wh
GreGre2522_130417-Wh-03.wav,Wh
GreGre6364_130416-DC-01.wav,DC
GreGre6364_130416-DC-02.wav,DC
GreGre6364_130416-DC-03.wav,DC
GreGre6364_130416-DC-04.wav,DC
GreGre6364_130416-DC-05.wav,DC
GreGre6364_130416-DC-06.wav,DC
GreGre6364_130416-DC-07.wav,DC
GreGre6364_130416-DC-09.wav,DC
GreGre6364_130416-DC-10.wav,DC
GreGre6364_130416-DC-11.wav,DC
GreGre6364_130416-DC-12.wav,DC
GreGre6364_130416-DC-13.wav,DC
GreGre6364_130416-DC-14.wav,DC
GreGre6364_130416-DC-16.wav,DC
GreGre6364_130416-Te-02.wav,Te
GreGre6364_130416-Te-03.wav,Te
GreGre6364_130416-Te-04.wav,Te
GreGre6364_130416-Te-05.wav,Te
GreGre6364_130416-Te-06.wav,Te
GreGre6364_130416-Te-07.wav,Te
GreGre6364_130416-Te-08.wav,Te
GreGre6364_130416-Te-09.wav,Te
GreGre6364_130416-Te-10.wav,Te
GreGre6364_130416-Te-11.wav,Te
GreGre6364_130416-Te-12.wav,Te
GreGre6364_130416-Te-13.wav,Te
GreGre6364_130416-Te-14.wav,Te
GreGre6364_130416-Te-15.wav,Te
GreGre6364_130416-Te-16.wav,Te
GreGre6364_130416-Te-17.wav,Te
GreGre6364_130416-Te-18.wav,Te
GreGre6364_130416-Te-19.wav,Te
GreGre6364_130416-Te-20.wav,Te
GreGre6364_130416-Te-21.wav,Te
GreGre6364_130416-Te-22.wav,Te
GreGre6364_130416-Te-23.wav,Te
GreGre6364_130416-Te-24.wav,Te
GreGre6364_130416-Te-25.wav,Te
GreGre6364_130416-Te-26.wav,Te
GreGre6364_130416-Te-27.wav,Te
GreGre6364_130416-Te-28.wav,Te
GreGre6364_130416-Te-29.wav,Te
GreGre6364_130416-Te-30.wav,Te
GreOra1817_110615-TetC-01.wav,Te
GreOra1817_110615-TetC-02.wav,Te
GreOra1817_110615-TetC-03.wav,Te
GreOra1817_110615-TetC-04.wav,Te
GreOra1817_110615-TetC-06.wav,Te
GreOra1817_110615-TetC-07.wav,Te
GreOra1817_110615-TetC-09.wav,Te
GreOra1817_110615-TetC-12.wav,Te
GreOra1817_110615-TetC-14.wav,Te
GreOra1817_110615-TetC-15.wav,Te
GreOra1817_110615-TetC-16.wav,Te
GreOra1817_110615-TetC-17.wav,Te
GreOra1817_110615-TetC-18.wav,Te
GreOra1817_110615-TetC-20.wav,Te
GreOra1817_110615-TetC-22.wav,Te
GreOra1817_110615-TetC-23.wav,Te
GreOra1817_110615-TetC-24.wav,Te
GreOra1817_110615-TetC-25.wav,Te
GreOra1817_110615-TetC-26.wav,Te
GreOra1817_110615-TetC-27.wav,Te
GreOra1817_110615-TetC-28.wav,Te
GreOra1817_110615-TetC-29.wav,Te
GreOra1817_110615-TetC-30.wav,Te
GreOra1817_110616-AggC-01.wav,Ag
GreOra1817_110617-AggC-07.wav,Ag
GreOra1817_110617-AggC-08.wav,Ag
GreOra1817_110617-AggC-09.wav,Ag
GreOra1817_110617-NestC-02.wav,Ne
GreOra1817_110617-NestCSeq-05.wav,Ne
GreOra1817_110617-NestCSeq-06.wav,Ne
GreOra1817_110617-NestCSeq-07.wav,Ne
GreOra1817_110617-NestCSeq-08.wav,Ne
GreOra1817_110620-NestCSeq-09.wav,Ne
GreOra1817_110620-WhineC-01.wav,Wh
GreOra1817_110622-NestC-11.wav,Ne
GreOra1817_110622-NestC-12.wav,Ne
GreOra1817_110622-NestC-13.wav,Ne
GreOra1817_110622-NestCSeq-10.wav,Ne
GreOra1817_110623-AggC-12.wav,Ag
GreOra1817_110623-NestCSeq-14.wav,Ne
GreOra1817_110627-AggC-13.wav,Ag
GreOra1817_110627-AggC-14.wav,Ag
GreOra1817_110701-AggC-16.wav,Ag
GreOra1817_110701-AggC-17.wav,Ag
GreOra1817_110701-AggC-18.wav,Ag
GreOra1817_110701-TukC-01.wav,Tu
GreOra1817_110701-TukC-02.wav,Tu
GreOra1817_110701-TukC-03.wav,Tu
GreOra1817_110701-TukC-04.wav,Tu
GreOra1817_110701-TukC-05.wav,Tu
GreOra1817_110701-TukC-06.wav,Tu
GreOra1817_110701-TukC-07.wav,Tu
GreOra1817_110701-TukC-08.wav,Tu
GreOra1817_110701-TukC-09.wav,Tu
GreOra1817_110701-TukC-10.wav,Tu
GreOra1817_110701-TukC-11.wav,Tu
GreOra1817_110701-TukC-12.wav,Tu
GreOra1817_110701-TukC-13.wav,Tu
GreOra1817_110701-TukC-14.wav,Tu
GreOra1817_110701-TukC-15.wav,Tu
GreOra1817_110701-TukC-16.wav,Tu
GreOra1817_110701-TukC-17.wav,Tu
GreOra1817_110701-TukC-18.wav,Tu
GreOra1817_110728-DC-01.wav,DC
GreOra1817_110728-DC-02.wav,DC
GreOra1817_110728-DC-03.wav,DC
GreOra1817_110728-DC-04.wav,DC
GreOra1817_110728-DC-05.wav,DC
GreOra1817_110728-DC-06.wav,DC
GreOra1817_110728-DC-08.wav,DC
GreOra1817_110728-DC-09.wav,DC
GreOra1817_110728-DC-10.wav,DC
GreOra1817_110728-DC-11.wav,DC
GreOra1817_110728-DC-13.wav,DC
GreOra1817_110728-DC-15.wav,DC
GreOra1817_110728-DC-16.wav,DC
GreOra1817_110728-DC-17.wav,DC
GreOra1817_110728-DC-19.wav,DC
GreOra1817_110728-DC-20.wav,DC
GreOra1817_110728-DC-21.wav,DC
GreOra1817_110728-DC-22.wav,DC
GreOra1817_110728-DC-23.wav,DC
GreOra1817_110728-DC-26.wav,DC
GreOra1817_110728-DC-27.wav,DC
GreOra1817_110728-DC-31.wav,DC
GreOra1817_110728-DC-32.wav,DC
GreOra1817_110728-DC-33.wav,DC
GreOra1817_110728-ThukC-01.wav,Th
GreOra1817_110728-ThukC-02.wav,Th
GreOra1817_110728-ThukC-03.wav,Th
GreOra1817_110728-ThukC-04.wav,Th
GreOra1817_110728-ThukC-05.wav,Th
GreOra1817_110728-ThukC-06.wav,Th
GreOra1817_110728-ThukC-07.wav,Th
GreOra1817_110728-ThukC-08.wav,Th
GreOra1817_110728-ThukC-09.wav,Th
GreOra1817_110728-ThukC-10.wav,Th
GreOra1817_110728-ThukC-11.wav,Th
GreOra1817_110728-ThukC-12.wav,Th
GreOra1817_110728-ThukC-15.wav,Th
GreOra1817_110728-ThukC-17.wav,Th
GreOra1817_110728-ThukC-18.wav,Th
GreOra1817_110728-ThukC-19.wav,Th
GreOra1817_110728-ThukC-21.wav,Th
GreOra1817_110728-ThukC-22.wav,Th
GreOra1817_110728-ThukC-23.wav,Th
GreOra1817_110728-ThukC-24.wav,Th
GreOra1817_110728-ThukC-25.wav,Th
GreOra1817_110728-ThukC-26.wav,Th
GreOra1817_110728-ThukC-27.wav,Th
GreOra1817_110728-ThukC-28.wav,Th
GreOra1817_110728-ThukC-29.wav,Th
GreOra1817_110729-AggC-20.wav,Ag
GreOra1817_110729-AggC-21.wav,Ag
GreOra1817_110729-AggC-22.wav,Ag
GreOra1817_110729-AggC-25.wav,Ag
GreOra1817_110729-AggC-27.wav,Ag
GreOra1817_110729-AggC-28.wav,Ag
GreOra1817_110729-AggC-29.wav,Ag
GreOra1817_110729-AggC-30.wav,Ag
GreOra1817_110729-ThukC-30.wav,Th
GreOra1817_110729-ThukC-31.wav,Th
GreOra1817_110729-ThukC-32.wav,Th
GreOra1817_110729-ThukC-33.wav,Th
GreOra1817_110729-ThukC-34.wav,Th
GreOra1817_110729-ThukC-36.wav,Th
GreOra1817_110729-ThukC-37.wav,Th
GreOra1817_110729-ThukC-38.wav,Th
GreOra1817_110729-ThukC-39.wav,Th
GreOra1817_110729-ThukC-40.wav,Th
GreOra1817_110729-ThukC-41.wav,Th
GreOra1817_110729-ThukC-42.wav,Th
GreOra1817_110729-ThukC-43.wav,Th
GreOra1817_110729-ThukC-44.wav,Th
GreOra1817_110729-ThukC-45.wav,Th
GreOra1817_110729-ThukC-46.wav,Th
GreOra1817_110729-ThukC-47.wav,Th
GreOra1817_110729-ThukC-48.wav,Th
GreOra1817_110729-ThukC-49.wav,Th
GreOra1817_110729-ThukC-50.wav,Th
GreOra1817_1108201-AggC-31.wav,Ag
GreOra1817_1108201-AggC-32.wav,Ag
GreOra1817_1108201-AggC-33.wav,Ag
GreWhi1242_130416-Te-01.wav,Te
GreWhi1242_130416-Te-02.wav,Te
GreWhi1242_130416-Te-03.wav,Te
GreWhi1242_130416-Te-04.wav,Te
GreWhi1242_130416-Te-05.wav,Te
GreWhi1242_130416-Te-06.wav,Te
GreWhi1242_130416-Te-07.wav,Te
GreWhi1242_130416-Te-08.wav,Te
GreWhi1242_130416-Te-09.wav,Te
GreWhi1242_130416-Te-10.wav,Te
GreWhi1242_130416-Te-11.wav,Te
GreWhi1242_130416-Te-12.wav,Te
GreWhi1242_130416-Te-13.wav,Te
GreWhi1242_130416-Te-14.wav,Te
GreWhi1242_130416-Te-15.wav,Te
GreWhi1242_130416-Te-16.wav,Te
GreWhi1242_130416-Te-17.wav,Te
GreWhi1242_130416-Te-18.wav,Te
GreWhi1242_130416-Te-19.wav,Te
GreWhi1242_130416-Te-20.wav,Te
GreWhi1242_130416-Te-21.wav,Te
GreWhi1242_130416-Te-22.wav,Te
GreWhi1242_130416-Te-23.wav,Te
GreWhi1242_130416-Te-24.wav,Te
GreWhi1242_130416-Te-25.wav,Te
GreWhi1242_130416-Te-26.wav,Te
GreWhi1242_130417-Ag-01.wav,Ag
GreWhi1242_130417-DC-01.wav,DC
GreWhi1242_130417-DC-02.wav,DC
GreWhi1242_130417-DC-03.wav,DC
HPiHPi4748_110615-DC-01.wav,DC
HPiHPi4748_110615-DC-03.wav,DC
HPiHPi4748_110615-DC-04.wav,DC
HPiHPi4748_110616-AggC-04.wav,Ag
HPiHPi4748_110616-AggC-05.wav,Ag
HPiHPi4748_110616-AggC-06.wav,Ag
HPiHPi4748_110616-AggC-07.wav,Ag
HPiHPi4748_110616-AggC-08.wav,Ag
HPiHPi4748_110616-AggC-10.wav,Ag
HPiHPi4748_110616-AggC-11.wav,Ag
HPiHPi4748_110616-AggC-12.wav,Ag
HPiHPi4748_110616-AggC-13.wav,Ag
HPiHPi4748_110616-DC-05.wav,DC
HPiHPi4748_110616-DC-06.wav,DC
HPiHPi4748_110616-DC-07.wav,DC
HPiHPi4748_110616-DC-08.wav,DC
HPiHPi4748_110616-DC-09.wav,DC
HPiHPi4748_110616-DC-10.wav,DC
HPiHPi4748_110616-DC-11.wav,DC
HPiHPi4748_110616-DC-12.wav,DC
HPiHPi4748_110616-DC-13.wav,DC
HPiHPi4748_110616-DC-14.wav,DC
HPiHPi4748_110616-DC-15.wav,DC
HPiHPi4748_110616-DC-16.wav,DC
HPiHPi4748_110616-DC-17.wav,DC
HPiHPi4748_110616-DC-18.wav,DC
HPiHPi4748_110616-DC-19.wav,DC
HPiHPi4748_110616-DC-20.wav,DC
HPiHPi4748_110616-DC-21.wav,DC
HPiHPi4748_110616-DC-22.wav,DC
HPiHPi4748_110616-DC-23.wav,DC
HPiHPi4748_110616-DC-24.wav,DC
HPiHPi4748_110616-DC-25.wav,DC
HPiHPi4748_110616-Song-02.wav,So
HPiHPi4748_110616-TetC-01.wav,Te
HPiHPi4748_110616-TetC-02.wav,Te
HPiHPi4748_110616-TetC-03.wav,Te
HPiHPi4748_110616-TetC-04.wav,Te
HPiHPi4748_110616-TetC-05.wav,Te
HPiHPi4748_110616-TetC-06.wav,Te
HPiHPi4748_110616-TetC-07.wav,Te
HPiHPi4748_110616-TetC-08.wav,Te
HPiHPi4748_110616-TetC-09.wav,Te
HPiHPi4748_110616-TetC-10.wav,Te
HPiHPi4748_110616-TetC-11.wav,Te
HPiHPi4748_110616-TetC-12.wav,Te
HPiHPi4748_110616-TetC-13.wav,Te
HPiHPi4748_110616-TetC-14.wav,Te
HPiHPi4748_110616-TetC-15.wav,Te
HPiHPi4748_110616-TetC-16.wav,Te
HPiHPi4748_110616-TetC-17.wav,Te
HPiHPi4748_110616-TetC-18.wav,Te
HPiHPi4748_110616-TetC-19.wav,Te
HPiHPi4748_110616-TetC-20.wav,Te
HPiHPi4748_110616-TetC-21.wav,Te
HPiHPi4748_110616-TetC-22.wav,Te
HPiHPi4748_110616-TetC-23.wav,Te
HPiHPi4748_110616-TetC-24.wav,Te
HPiHPi4748_110616-TetC-25.wav,Te
HPiHPi4748_110616-TetC-26.wav,Te
HPiHPi4748_110616-TetC-27.wav,Te
HPiHPi4748_110616-TetC-28.wav,Te
HPiHPi4748_110616-TetC-29.wav,Te
HPiHPi4748_110616-TetC-30.wav,Te
HPiHPi4748_110617-DC-26.wav,DC
HPiHPi4748_110617-DC-27.wav,DC
HPiHPi4748_110617-DC-28.wav,DC
HPiHPi4748_110617-DC-29.wav,DC
HPiHPi4748_110617-DC-30.wav,DC
HPiHPi4748_110620-Song-05.wav,So
HPiHPi4748_110620-Song-06.wav,So
HPiHPi4748_110620-Song-07.wav,So
HPiHPi4748_110620-Song-08.wav,So
HPiHPi4748_110620-Song-09.wav,So
HPiHPi4748_110620-Song-10.wav,So
HPiHPi4748_110620-Song-11.wav,So
HPiHPi4748_110620-Song-12.wav,So
HPiHPi4748_110620-Song-15dcut.wav,So
HPiHPi4748_110620-Song-16.wav,So
HPiHPi4748_110622-AggC-15.wav,Ag
HPiHPi4748_110622-AggC-16.wav,Ag
HPiHPi4748_110622-AggC-17.wav,Ag
HPiHPi4748_110622-AggC-18.wav,Ag
HPiHPi4748_110622-Song-20.wav,So
HPiHPi4748_110622-Song-21.wav,So
HPiHPi4748_110622-Song-22.wav,So
HPiHPi4748_110622-Song-23.wav,So
HPiHPi4748_110627-AggC-19.wav,Ag
HPiHPi4748_110627-AggC-20.wav,Ag
HPiHPi4748_110627-AggC-21.wav,Ag
HPiHPi4748_110627-NestC-02.wav,Ne
HPiHPi4748_110627-NestC-06.wav,Ne
HPiHPi4748_110627-NestC-10.wav,Ne
HPiHPi4748_110627-NestC-15.wav,Ne
HPiHPi4748_110627-NestC-16.wav,Ne
HPiHPi4748_110627-NestC-18.wav,Ne
HPiHPi4748_110627-NestCSeq-01.wav,Ne
HPiHPi4748_110627-NestCSeq-03.wav,Ne
HPiHPi4748_110627-NestCSeq-04.wav,Ne
HPiHPi4748_110627-NestCSeq-05.wav,Ne
HPiHPi4748_110627-NestCSeq-08.wav,Ne
HPiHPi4748_110627-NestCSeq-09.wav,Ne
HPiHPi4748_110627-NestCSeq-11.wav,Ne
HPiHPi4748_110627-NestCSeq-12.wav,Ne
HPiHPi4748_110627-NestCSeq-13.wav,Ne
HPiHPi4748_110627-NestCSeq-14.wav,Ne
HPiHPi4748_110627-NestCSeq-17.wav,Ne
HPiHPi4748_110627-NestCSeq-20.wav,Ne
HPiHPi4748_110627-WhineC-01.wav,Wh
HPiHPi4748_110627-WhineC-02.wav,Wh
HPiHPi4748_110701-AggC-23.wav,Ag
HPiHPi4748_110701-AggC-24.wav,Ag
HPiHPi4748_110701-AggC-25.wav,Ag
HPiHPi4748_110701-AggC-26.wav,Ag
HPiHPi4748_110701-AggC-27.wav,Ag
HPiHPi4748_110701-TukC-01.wav,Tu
HPiHPi4748_110701-TukC-02.wav,Tu
HPiHPi4748_110701-TukC-03.wav,Tu
HPiHPi4748_110701-TukC-04.wav,Tu
HPiHPi4748_110701-TukC-05.wav,Tu
HPiHPi4748_110701-TukC-06.wav,Tu
HPiHPi4748_110701-TukC-07.wav,Tu
HPiHPi4748_110701-TukC-08.wav,Tu
HPiHPi4748_110701-TukC-09.wav,Tu
HPiHPi4748_110701-TukC-10.wav,Tu
HPiHPi4748_110701-TukC-11.wav,Tu
HPiHPi4748_110701-TukC-12.wav,Tu
HPiHPi4748_110701-TukC-13.wav,Tu
HPiHPi4748_110701-TukC-14.wav,Tu
HPiHPi4748_110701-TukC-15.wav,Tu
HPiHPi4748_110701-TukC-16.wav,Tu
HPiHPi4748_110701-TukC-17.wav,Tu
HPiHPi4748_110701-TukC-18.wav,Tu
HPiHPi4748_110701-TukC-19.wav,Tu
HPiHPi4748_110701-TukC-20.wav,Tu
HPiHPi4748_110701-TukC-21.wav,Tu
HPiHPi4748_110701-TukC-22.wav,Tu
HPiHPi4748_110701-TukC-23.wav,Tu
HPiHPi4748_110701-TukC-24.wav,Tu
HPiHPi4748_110701-TukC-25.wav,Tu
HPiHPi4748_110701-TukC-26.wav,Tu
HPiHPi4748_110701-TukC-27.wav,Tu
HPiHPi4748_110701-TukC-28.wav,Tu
HPiHPi4748_110701-TukC-29.wav,Tu
HPiHPi4748_110701-TukC-30.wav,Tu
HPiHPi4748_110706-AggC-28.wav,Ag
HPiHPi4748_110706-AggC-29.wav,Ag
HPiHPi4748_110706-AggC-30.wav,Ag
HPiHPi4748_110706-AggC-31.wav,Ag
HPiHPi4748_110706-AggC-32.wav,Ag
HPiHPi4748_110706-AggC-33.wav,Ag
HPiHPi4748_110706-NestC-26.wav,Ne
HPiHPi4748_110706-NestC-27.wav,Ne
HPiHPi4748_110706-NestC-29.wav,Ne
HPiHPi4748_110706-NestC-30.wav,Ne
HPiHPi4748_110706-NestC-31.wav,Ne
HPiHPi4748_110706-NestC-32.wav,Ne
HPiHPi4748_110706-NestC-33.wav,Ne
HPiHPi4748_110706-NestC-34.wav,Ne
HPiHPi4748_110706-NestC-36.wav,Ne
HPiHPi4748_110706-NestC-39.wav,Ne
HPiHPi4748_110706-NestC-40.wav,Ne
HPiHPi4748_110706-NestC-41.wav,Ne
HPiHPi4748_110706-NestC-44.wav,Ne
HPiHPi4748_110706-NestC-46.wav,Ne
HPiHPi4748_110706-NestC-47.wav,Ne
HPiHPi4748_110706-NestC-48.wav,Ne
HPiHPi4748_110706-NestCSeq-21.wav,Ne
HPiHPi4748_110706-NestCSeq-22.wav,Ne
HPiHPi4748_110706-NestCSeq-23.wav,Ne
HPiHPi4748_110706-NestCSeq-24.wav,Ne
HPiHPi4748_110706-NestCSeq-25.wav,Ne
HPiHPi4748_110706-NestCSeq-28.wav,Ne
HPiHPi4748_110706-NestCSeq-35.wav,Ne
HPiHPi4748_110706-NestCSeq-37.wav,Ne
HPiHPi4748_110706-NestCSeq-38.wav,Ne
HPiHPi4748_110706-NestCSeq-42.wav,Ne
HPiHPi4748_110706-NestCSeq-43.wav,Ne
HPiHPi4748_110706-NestCSeq-45.wav,Ne
HPiHPi4748_110706-NestCSeq-49.wav,Ne
HPiHPi4748_110706-WhineC-03.wav,Wh
HPiHPi4748_110706-WhineC-05.wav,Wh
HPiHPi4748_110706-WhineC-06.wav,Wh
HPiHPi4748_110706-WhineC-08.wav,Wh
HPiHPi4748_110706-WhineC-09.wav,Wh
HPiHPi4748_110706-WhineC-10.wav,Wh
HPiHPi4748_110706-WhineC-11.wav,Wh
HPiHPi4748_110706-WhineC-12.wav,Wh
HPiHPi4748_110706-WhineC-13.wav,Wh
HPiHPi4748_110706-WhineC-14.wav,Wh
HPiHPi4748_110706-WhineC-15.wav,Wh
HPiHPi4748_110706-WhineC-16.wav,Wh
HPiHPi4748_110706-WhineC-17.wav,Wh
HPiHPi4748_110706-WhineC-18.wav,Wh
HPiHPi4748_110706-WhineC-19.wav,Wh
HPiHPi4748_110706-WhineC-20.wav,Wh
HPiHPi4748_110706-WhineC-21.wav,Wh
HPiHPi4748_110706-WhineC-22.wav,Wh
HPiHPi4748_110706-WhineC-23.wav,Wh
HPiHPi4748_110706-WhineC-24.wav,Wh
HPiHPi4748_110706-WhineC-25.wav,Wh
HPiHPi4748_110706-WhineC-26.wav,Wh
HPiHPi4748_110728-AggC-35.wav,Ag
HPiHPi4748_110728-AggC-36.wav,Ag
HPiHPi4748_110728-WhineC-27.wav,Wh
HPiHPi4748_110728-WhineC-28.wav,Wh
HPiHPi4748_110728-WhineC-29.wav,Wh
HPiHPi4748_110728-WhineC-30.wav,Wh
HPiHPi4748_110728-WhineC-31.wav,Wh
HPiHPi4748_110728-WhineC-32.wav,Wh
HPiHPi4748_110728-WhineC-33.wav,Wh
HPiHPi4748_110729-AggC-38.wav,Ag
HPiHPi4748_110801-AggC-39.wav,Ag
HPiHPi4748_110801-AggC-40.wav,Ag
HPiHPi4748_110801-ThuckC-20.wav,Th
HPiHPi4748_110801-ThuckC-21.wav,Th
HPiHPi4748_110801-ThuckC-22.wav,Th
HPiHPi4748_110801-ThuckC-23.wav,Th
HPiHPi4748_110801-ThuckC-24.wav,Th
HPiHPi4748_110801-ThuckC-25.wav,Th
HPiHPi4748_110801-ThuckC-26.wav,Th
HPiHPi4748_110801-ThuckC-27.wav,Th
HPiHPi4748_110801-ThuckC-28.wav,Th
HPiHPi4748_110801-ThuckC-29.wav,Th
HPiHPi4748_110801-WhineC-34.wav,Wh
HPiHPi4748_110914-ThuckC-01.wav,Th
HPiHPi4748_110914-ThuckC-02.wav,Th
HPiHPi4748_110914-ThuckC-03.wav,Th
HPiHPi4748_110914-ThuckC-04.wav,Th
HPiHPi4748_110914-ThuckC-05.wav,Th
HPiHPi4748_110914-ThuckC-06.wav,Th
HPiHPi4748_110914-ThuckC-07.wav,Th
HPiHPi4748_110914-ThuckC-08.wav,Th
HPiHPi4748_110914-ThuckC-09.wav,Th
HPiHPi4748_110914-ThuckC-10.wav,Th
HPiHPi4748_110914-ThuckC-11.wav,Th
HPiHPi4748_110914-ThuckC-12.wav,Th
HPiHPi4748_110914-ThuckC-13.wav,Th
HPiHPi4748_110914-ThuckC-14.wav,Th
HPiHPi4748_110914-ThuckC-15.wav,Th
HPiHPi4748_110914-ThuckC-16.wav,Th
HPiHPi4748_110914-ThuckC-17.wav,Th
HPiHPi4748_110914-ThuckC-18.wav,Th
HPiHPi4748_110914-ThuckC-19.wav,Th
HpiGra1004_130416-Whi-01.wav,Wh
HpiGra1004_130416-Whi-02.wav,Wh
HpiGra1004_130416-Whi-03.wav,Wh
HpiGra1004_130416-Whi-04.wav,Wh
HpiGra1004_130416-Whi-05.wav,Wh
HpiGra1004_130416-Whi-06.wav,Wh
HpiGra1004_130416-Whi-07.wav,Wh
HpiGra1004_130416-Whi-08.wav,Wh
HpiHpi4748_110620-Song-13acut.wav,So
HpiHpi4748_110620-Song-13bcut.wav,So
HpiHpi4748_110620-Song-13ccut.wav,So
HpiHpi4748_110620-Song-14bcut.wav,So
HpiHpi4748_110620-Song-15acut.wav,So
HpiHpi4748_110620-Song-15bcut.wav,So
HpiHpi4748_110620-Song-15ccut.wav,So
HpiHpi4748_110620-Song-15ecut.wav,So
HpiHpi4748_110620-Song-15fcut.wav,So
HpiHpi4748_110620-Song-15gcut.wav,So
HpiHpi4748_110620-Song-15hcut.wav,So
HpiHpi4748_110620-Song-15icut.wav,So
HpiHpi4748_110620-Song-16cut.wav,So
LblBla4419_130416-Ag-01.wav,Ag
LblBla4419_130416-Ag-02.wav,Ag
LblBla4419_130416-DC-01.wav,DC
LblBla4419_130416-DC-02.wav,DC
LblBla4419_130416-DC-03.wav,DC
LblBla4419_130416-DC-04.wav,DC
LblBla4419_130416-DC-05.wav,DC
LblBla4419_130416-DC-06.wav,DC
LblBla4419_130416-DC-07.wav,DC
LblBla4419_130416-DC-08.wav,DC
LblBla4419_130416-DC-09.wav,DC
LblBla4419_130416-DC-10.wav,DC
LblBla4419_130416-DC-11.wav,DC
LblBla4419_130416-DC-12.wav,DC
LblBla4419_130416-DC-13.wav,DC
LblBla4419_130416-DC-14.wav,DC
LblBla4419_130416-DC-15.wav,DC
LblBla4419_130416-DC-16.wav,DC
LblBla4419_130416-DC-17.wav,DC
LblBla4419_130416-DC-18.wav,DC
LblBla4419_130416-DC-19.wav,DC
LblBla4419_130416-DC-20.wav,DC
LblBla4419_130416-DC-21.wav,DC
LblBla4419_130416-DC-22.wav,DC
LblBla4419_130416-DC-23.wav,DC
LblBla4419_130416-DC-24.wav,DC
LblBla4419_130416-DC-25.wav,DC
LblBla4419_130416-DC-26.wav,DC
LblBla4419_130416-DC-27.wav,DC
LblBla4419_130416-DC-28.wav,DC
LblBla4419_130416-DC-29.wav,DC
LblBla4419_130416-DC-30.wav,DC
LblBla4419_130416-DC-31.wav,DC
LblBla4419_130416-DC-32.wav,DC
LblBla4419_130416-DC-33.wav,DC
LblBla4419_130416-DC-34.wav,DC
LblBla4419_130416-DC-35.wav,DC
LblBla4419_130416-DC-36.wav,DC
LblBla4419_130416-DC-37.wav,DC
LblBla4419_130416-DC-38.wav,DC
LblBla4419_130416-DC-39.wav,DC
LblBla4419_130416-DC-40.wav,DC
LblBla4419_130416-Ne-01.wav,Ne
LblBla4419_130416-Ne-02.wav,Ne
LblBla4419_130416-Ne-03.wav,Ne
LblBla4419_130416-Ne-04.wav,Ne
LblBla4419_130416-Ne-05.wav,Ne
LblBla4419_130416-Ne-09.wav,Ne
LblBla4419_130416-Ne-10.wav,Ne
LblBla4419_130416-Ne-11.wav,Ne
LblBla4419_130416-Ne-12.wav,Ne
LblBla4419_130416-Ne-13.wav,Ne
LblBla4419_130416-Ne-14.wav,Ne
LblBla4419_130416-Ne-15.wav,Ne
LblBla4419_130416-Ne-16.wav,Ne
LblBla4419_130416-Ne-17.wav,Ne
LblBla4419_130416-Ne-18.wav,Ne
LblBla4419_130416-Ne-19.wav,Ne
LblBla4419_130416-Ne-24.wav,Ne
LblBla4419_130416-Ne-25.wav,Ne
LblBla4419_130416-Ne-27.wav,Ne
LblBla4419_130416-Ne-29.wav,Ne
LblBla4419_130416-Ne-31.wav,Ne
LblBla4419_130416-Ne-32.wav,Ne
LblBla4419_130416-Ne-33.wav,Ne
LblBla4419_130416-Ne-34.wav,Ne
LblBla4419_130416-Ne-35.wav,Ne
LblBla4419_130416-Ne-36.wav,Ne
LblBla4419_130416-Ne-37.wav,Ne
LblBla4419_130416-Ne-38.wav,Ne
LblBla4419_130416-Ne-39.wav,Ne
LblBla4419_130416-Ne-40.wav,Ne
LblBla4419_130416-Ne-41.wav,Ne
LblBla4419_130416-Ne-42.wav,Ne
LblBla4419_130416-Ne-43.wav,Ne
LblBla4419_130416-Ne-44.wav,Ne
LblBla4419_130416-Ne-46.wav,Ne
LblBla4419_130416-Ne-48.wav,Ne
LblBla4419_130416-Ne-51.wav,Ne
LblBla4419_130416-Ne-53.wav,Ne
LblBla4419_130416-Ne-56.wav,Ne
LblBla4419_130416-Ne-59.wav,Ne
LblBla4419_130416-Ne-60.wav,Ne
LblBla4419_130416-NeSeq-06.wav,Ne
LblBla4419_130416-NeSeq-07.wav,Ne
LblBla4419_130416-NeSeq-08.wav,Ne
LblBla4419_130416-NeSeq-20.wav,Ne
LblBla4419_130416-NeSeq-21.wav,Ne
LblBla4419_130416-NeSeq-22.wav,Ne
LblBla4419_130416-NeSeq-23.wav,Ne
LblBla4419_130416-NeSeq-26.wav,Ne
LblBla4419_130416-NeSeq-30.wav,Ne
LblBla4419_130416-NeSeq-45.wav,Ne
LblBla4419_130416-NeSeq-47.wav,Ne
LblBla4419_130416-NeSeq-50.wav,Ne
LblBla4419_130416-NeSeq-52.wav,Ne
LblBla4419_130416-NeSeq-54.wav,Ne
LblBla4419_130416-NeSeq-55.wav,Ne
LblBla4419_130416-NeSeq-57.wav,Ne
LblBla4419_130416-NeSeq-58.wav,Ne
LblBla4419_130416-So-01.wav,So
LblBla4419_130416-So-02.wav,So
LblBla4419_130416-So-05.wav,So
LblBla4419_130416-So-09.wav,So
LblBla4419_130416-So-10.wav,So
LblBla4419_130416-Wh-01.wav,Wh
LblBla4419_130416-Wh-02.wav,Wh
LblBla4419_130416-Wh-03.wav,Wh
LblBla4419_130416-Wh-04.wav,Wh
LblBla4419_130416-Wh-05.wav,Wh
LblBla4419_130416-Wh-06.wav,Wh
LblBla4419_130416-Wh-07.wav,Wh
LblBla4419_130416-Wh-08.wav,Wh
LblBla4419_130416-Wh-09.wav,Wh
LblBla4419_130416-Wh-10.wav,Wh
LblBla4419_130416-Wh-11.wav,Wh
LblBla4419_130416-Wh-12.wav,Wh
LblBla4419_130417-Ag-03.wav,Ag
LblBla4419_130417-Wh-13.wav,Wh
LblBla4419_130417-Wh-14.wav,Wh
LblBla4419_130417-Wh-15.wav,Wh
LblBla4419_130417-Wh-16.wav,Wh
LblBla4419_130417-Wh-17.wav,Wh
LblBla4419_130417-Wh-18.wav,Wh
LblBla4548_130416-Ne-01.wav,Ne
LblBla4548_130416-Ne-02.wav,Ne
LblBla4548_130416-Ne-03.wav,Ne
LblBla4548_130416-Ne-04.wav,Ne
LblBla4548_130416-Ne-06.wav,Ne
LblBla4548_130416-Ne-07.wav,Ne
LblBla4548_130416-Ne-08.wav,Ne
LblBla4548_130416-Ne-09.wav,Ne
LblBla4548_130416-Ne-10.wav,Ne
LblBla4548_130416-Ne-11.wav,Ne
LblBla4548_130416-Ne-12.wav,Ne
LblBla4548_130416-Ne-13.wav,Ne
LblBla4548_130416-Ne-14.wav,Ne
LblBla4548_130416-Ne-16.wav,Ne
LblBla4548_130416-Ne-17.wav,Ne
LblBla4548_130416-Ne-18.wav,Ne
LblBla4548_130416-Ne-23.wav,Ne
LblBla4548_130416-Ne-24.wav,Ne
LblBla4548_130416-Ne-25.wav,Ne
LblBla4548_130416-Ne-26.wav,Ne
LblBla4548_130416-Ne-27.wav,Ne
LblBla4548_130416-Ne-28.wav,Ne
LblBla4548_130416-Ne-31.wav,Ne
LblBla4548_130416-Ne-32.wav,Ne
LblBla4548_130416-Ne-34.wav,Ne
LblBla4548_130416-Ne-35.wav,Ne
LblBla4548_130416-Ne-36.wav,Ne
LblBla4548_130416-Ne-37.wav,Ne
LblBla4548_130416-Ne-38.wav,Ne
LblBla4548_130416-Ne-39.wav,Ne
LblBla4548_130416-Ne-40.wav,Ne
LblBla4548_130416-Ne-42.wav,Ne
LblBla4548_130416-NeSeq-05.wav,Ne
LblBla4548_130416-NeSeq-15.wav,Ne
LblBla4548_130416-NeSeq-19.wav,Ne
LblBla4548_130416-NeSeq-20.wav,Ne
LblBla4548_130416-NeSeq-21.wav,Ne
LblBla4548_130416-NeSeq-22.wav,Ne
LblBla4548_130416-NeSeq-29.wav,Ne
LblBla4548_130416-NeSeq-30.wav,Ne
LblBla4548_130416-NeSeq-33.wav,Ne
LblBla4548_130416-NeSeq-41.wav,Ne
LblBla4548_130416-NeSeq-43.wav,Ne
LblBla4548_130416-NeSeq-44.wav,Ne
LblBla4548_130416-NeSeq-45.wav,Ne
LblBla4548_130416-So-02.wav,So
LblBla4548_130416-So-03.wav,So
LblBla4548_130416-Te-01.wav,Te
LblBla4548_130416-Te-02.wav,Te
LblBla4548_130416-Te-03.wav,Te
LblBla4548_130416-Wh-01.wav,Wh
LblBla4548_130416-Wh-02.wav,Wh
LblBla4548_130416-Wh-03.wav,Wh
LblBla4548_130416-Wh-04.wav,Wh
LblBla4548_130416-Wh-05.wav,Wh
LblBla4548_130416-Wh-06.wav,Wh
LblBla4548_130416-Wh-07.wav,Wh
LblBla4548_130417-DC-01.wav,DC
LblBla4548_130417-DC-02.wav,DC
LblBla4548_130417-DC-03.wav,DC
LblBla4548_130417-DC-04.wav,DC
LblBla4548_130417-DC-05.wav,DC
LblBla4548_130417-DC-06.wav,DC
LblBla4548_130417-DC-07.wav,DC
LblBla4548_130417-DC-08.wav,DC
LblBla4548_130417-DC-09.wav,DC
LblBla4548_130417-DC-10.wav,DC
LblBla4548_130417-DC-11.wav,DC
LblBla4548_130417-DC-12.wav,DC
LblBla4548_130417-DC-13.wav,DC
LblBla4548_130417-DC-14.wav,DC
LblBla4548_130417-DC-15.wav,DC
LblBla4548_130417-DC-16.wav,DC
LblBla4548_130417-DC-17.wav,DC
LblBla4548_130417-DC-18.wav,DC
LblBla4548_130417-DC-19.wav,DC
LblBla4548_130417-DC-20.wav,DC
LblBla4548_130417-DC-21.wav,DC
LblBla4548_130417-Ne-48.wav,Ne
LblBla4548_130417-NeSeq-46.wav,Ne
LblBla4548_130417-NeSeq-47.wav,Ne
LblBla4548_130417-So-05.wav,So
LblBla4548_130417-So-06.wav,So
LblBla4548_130417-So-07.wav,So
LblBla4548_130417-So-08.wav,So
LblBla4548_130417-So-12.wav,So
LblBla4548_130417-So-16.wav,So
LblBla4548_130417-So-17.wav,So
LblBla4548_130417-So-18.wav,So
LblBla4548_130417-So-19.wav,So
LblBla4548_130417-So-20.wav,So
LblBla4548_130417-So-21.wav,So
LblBla4548_130417-So-22.wav,So
LblBla4548_130417-So-23.wav,So
LblBla4548_130417-So-24.wav,So
LblBla4548_130417-So-25.wav,So
LblBla4548_130417-So-26.wav,So
LblBla4548_130417-Te-04.wav,Te
LblBla4548_130417-Te-07.wav,Te
LblBla4548_130417-Wh-08.wav,Wh
LblBla4548_130417-Wh-09.wav,Wh
LblBla4548_130417-Wh-10.wav,Wh
LblBla4548_130418-DC-28.wav,DC
LblBla4548_130418-DC-29.wav,DC
LblBla4548_130418-DC-30.wav,DC
LblBla4548_130418-DC-31.wav,DC
LblBla4548_130418-DC-32.wav,DC
LblBla4548_130418-DC-33.wav,DC
LblBla4548_130418-DC-34.wav,DC
LblBla4548_130418-DC-35.wav,DC
LblBla4548_130418-DC-36.wav,DC
LblBla4548_130418-DC-37.wav,DC
LblBla4548_130418-DC-38.wav,DC
LblBla4548_130418-DC-39.wav,DC
LblBla4548_130418-DC-40.wav,DC
LblBla4548_130418-DC-41.wav,DC
LblBla4548_130418-DC-42.wav,DC
LblBla4548_130418-DC-43.wav,DC
LblBla4548_130418-DC-44.wav,DC
LblBla4548_130418-DC-45.wav,DC
LblBla4548_130418-DC-46.wav,DC
LblBla4548_130418-DC-47.wav,DC
LblBla4548_130418-DC-48.wav,DC
LblBla4548_130418-DC-49.wav,DC
LblBla4548_130418-DC-50.wav,DC
LblBla4548_130418-So-27.wav,So
LblBla4548_130418-So-28.wav,So
LblBla4548_130418-So-29.wav,So
LblBla4548_130418-So-30.wav,So
LblBla4548_130418-So-31.wav,So
LblBla4548_130418-So-32.wav,So
LblBla4548_130418-So-33.wav,So
LblBla4548_130418-So-34.wav,So
LblBla4548_130418-So-35.wav,So
LblBla4548_130418-So-36.wav,So
LblBla4548_130418-So-37.wav,So
LblBla4548_130418-So-38.wav,So
LblBla4548_130418-So-39.wav,So
LblBla4548_130418-So-40.wav,So
LblBla4548_130418-So-41.wav,So
LblBla4548_130418-So-42.wav,So
LblBla4548_130418-So-43.wav,So
LblBla4548_130418-So-44.wav,So
LblBla4548_130418-So-45.wav,So
LblBla4548_130418-So-46.wav,So
LblBla4548_130418-So-47.wav,So
LblBla4548_130418-So-48.wav,So
LblBla4548_130418-So-49.wav,So
LblBla4548_130418-So-50.wav,So
LblBla4548_130418-Te-08.wav,Te
LblBla4548_130418-Te-09.wav,Te
LblBla4548_130418-Te-10.wav,Te
LblBla4548_130418-Te-11.wav,Te
LblBla4548_130418-Wh-11.wav,Wh
LblBla4548_130418-Wh-12.wav,Wh
LblBla4548_130418-Wh-13.wav,Wh
LblBla4548_130418-Wh-14.wav,Wh
LblBla4548_130418-Wh-15.wav,Wh
LblBla4548_130418-Wh-16.wav,Wh
LblBla4548_130418-Wh-17.wav,Wh
LblBla4548_130418-Wh-18.wav,Wh
LblBla4548_130423-Te-12.wav,Te
LblBla4548_130503-Te-13.wav,Te
LblBla4548_130503-Te-14.wav,Te
LblBla4548_130503-Te-15.wav,Te
LblBla4548_130503-Te-16.wav,Te
LblBla4548_130503-Te-17.wav,Te
LblBla4548_130503-Te-18.wav,Te
LblBla4548_130503-Te-19.wav,Te
LblBla4548_130503-Te-20.wav,Te
LblBla4548_130503-Te-21.wav,Te
LblBla4548_130503-Te-22.wav,Te
LblBla4548_130503-Te-23.wav,Te
LblBla4548_130503-Te-24.wav,Te
LblBla4548_130503-Te-25.wav,Te
LblBla4548_130503-Te-26.wav,Te
LblBla4548_130503-Te-27.wav,Te
LblBla4548_130503-Te-28.wav,Te
LblBla4548_130503-Te-29.wav,Te
LblBla4548_130503-Te-30.wav,Te
LblBla4548_130503-Te-31.wav,Te
LblBla4548_130503-Te-32.wav,Te
LblBla4548_130503-Te-33.wav,Te
LblBla4548_130503-Te-34.wav,Te
LblBla4548_130503-Te-35.wav,Te
LblBla4548_130503-Te-36.wav,Te
LblBla4548_130503-Te-37.wav,Te
LblBla4548_130503-Te-38.wav,Te
LblBla4548_130503-Te-39.wav,Te
LblRed0613_110920-AggC-01.wav,Ag
LblRed0613_110920-AggC-02.wav,Ag
LblRed0613_110920-AggC-04.wav,Ag
LblRed0613_110920-AggC-07.wav,Ag
LblRed0613_110920-NestC-02.wav,Ne
LblRed0613_110920-NestC-03.wav,Ne
LblRed0613_110920-NestC-04.wav,Ne
LblRed0613_110920-NestC-06.wav,Ne
LblRed0613_110920-NestC-07.wav,Ne
LblRed0613_110920-NestC-08.wav,Ne
LblRed0613_110920-NestC-10.wav,Ne
LblRed0613_110920-NestC-11.wav,Ne
LblRed0613_110920-NestC-12.wav,Ne
LblRed0613_110920-NestC-14.wav,Ne
LblRed0613_110920-NestC-20.wav,Ne
LblRed0613_110920-NestC-21.wav,Ne
LblRed0613_110920-NestC-22.wav,Ne
LblRed0613_110920-NestC-24.wav,Ne
LblRed0613_110920-NestC-26.wav,Ne
LblRed0613_110920-NestC-27.wav,Ne
LblRed0613_110920-NestC-28.wav,Ne
LblRed0613_110920-NestC-29.wav,Ne
LblRed0613_110920-NestC-30.wav,Ne
LblRed0613_110920-NestC-32.wav,Ne
LblRed0613_110920-NestC-33.wav,Ne
LblRed0613_110920-NestC-35.wav,Ne
LblRed0613_110920-NestC-37.wav,Ne
LblRed0613_110920-NestC-38.wav,Ne
LblRed0613_110920-NestC-41.wav,Ne
LblRed0613_110920-NestC-45.wav,Ne
LblRed0613_110920-NestC-47.wav,Ne
LblRed0613_110920-NestC-48.wav,Ne
LblRed0613_110920-NestC-50.wav,Ne
LblRed0613_110920-NestC-51.wav,Ne
LblRed0613_110920-NestC-52.wav,Ne
LblRed0613_110920-NestC-59.wav,Ne
LblRed0613_110920-NestC-61.wav,Ne
LblRed0613_110920-NestC-62.wav,Ne
LblRed0613_110920-NestC-63.wav,Ne
LblRed0613_110920-NestC-67.wav,Ne
LblRed0613_110920-NestSeq-01.wav,Ne
LblRed0613_110920-NestSeq-05.wav,Ne
LblRed0613_110920-NestSeq-09.wav,Ne
LblRed0613_110920-NestSeq-12.wav,Ne
LblRed0613_110920-NestSeq-13.wav,Ne
LblRed0613_110920-NestSeq-19.wav,Ne
LblRed0613_110920-NestSeq-23.wav,Ne
LblRed0613_110920-NestSeq-25.wav,Ne
LblRed0613_110920-NestSeq-31.wav,Ne
LblRed0613_110920-NestSeq-36.wav,Ne
LblRed0613_110920-NestSeq-39.wav,Ne
LblRed0613_110920-NestSeq-40.wav,Ne
LblRed0613_110920-NestSeq-41.wav,Ne
LblRed0613_110920-NestSeq-43.wav,Ne
LblRed0613_110920-NestSeq-46.wav,Ne
LblRed0613_110920-NestSeq-49.wav,Ne
LblRed0613_110920-NestSeq-54.wav,Ne
LblRed0613_110920-NestSeq-55.wav,Ne
LblRed0613_110920-NestSeq-56.wav,Ne
LblRed0613_110920-NestSeq-57.wav,Ne
LblRed0613_110920-NestSeq-60.wav,Ne
LblRed0613_110920-NestSeq-61.wav,Ne
LblRed0613_110920-NestSeq-65.wav,Ne
LblRed0613_110920-NestSeq-66.wav,Ne
LblRed0613_110920-NestSeq-68.wav,Ne
LblRed0613_110920-NestSeq-69.wav,Ne
LblRed0613_110920-NestSeq-70.wav,Ne
LblRed0613_110920-So-04.wav,So
LblRed0613_110920-So-06.wav,So
LblRed0613_110920-So-07.wav,So
LblRed0613_110920-So-08.wav,So
LblRed0613_110920-So-09.wav,So
LblRed0613_110920-So-10.wav,So
LblRed0613_110920-So-11.wav,So
LblRed0613_110920-So-12.wav,So
LblRed0613_110920-So-13.wav,So
LblRed0613_110920-So-14.wav,So
LblRed0613_110920-So-15.wav,So
LblRed0613_110920-So-17.wav,So
LblRed0613_110920-So-18.wav,So
LblRed0613_110920-So-22.wav,So
LblRed0613_110920-So-23.wav,So
LblRed0613_110920-So-24.wav,So
LblRed0613_110920-So-25.wav,So
LblRed0613_110920-So-27.wav,So
LblRed0613_110920-So-29.wav,So
LblRed0613_110920-So-30.wav,So
LblRed0613_110920-So-31.wav,So
LblRed0613_110920-So-32.wav,So
LblRed0613_110920-So-33.wav,So
LblRed0613_110920-So-34.wav,So
LblRed0613_110920-So-35.wav,So
LblRed0613_110920-So-36.wav,So
LblRed0613_110920-So-37.wav,So
LblRed0613_110920-So-38.wav,So
LblRed0613_110920-So-39.wav,So
LblRed0613_110920-So-40.wav,So
LblRed0613_110920-So-41.wav,So
LblRed0613_110920-TetC-01.wav,Te
LblRed0613_110920-TetC-02.wav,Te
LblRed0613_110920-TetC-04.wav,Te
LblRed0613_110920-TetC-05.wav,Te
LblRed0613_110920-TetC-06.wav,Te
LblRed0613_110920-TetC-07.wav,Te
LblRed0613_110920-TetC-08.wav,Te
LblRed0613_110920-TetC-09.wav,Te
LblRed0613_110920-TetC-10.wav,Te
LblRed0613_110920-TetC-11.wav,Te
LblRed0613_110920-TetC-12.wav,Te
LblRed0613_110920-TetC-13.wav,Te
LblRed0613_110920-TetC-14.wav,Te
LblRed0613_110920-TetC-15.wav,Te
LblRed0613_110920-TetC-16.wav,Te
LblRed0613_110920-TetC-17.wav,Te
LblRed0613_110920-TetC-18.wav,Te
LblRed0613_110920-TetC-19.wav,Te
LblRed0613_110920-TetC-20.wav,Te
LblRed0613_110920-TetC-21.wav,Te
LblRed0613_110920-TetC-22.wav,Te
LblRed0613_110920-TetC-23.wav,Te
LblRed0613_110920-TetC-25.wav,Te
LblRed0613_110920-TetC-26.wav,Te
LblRed0613_110920-TetC-27.wav,Te
LblRed0613_110920-TetC-28.wav,Te
LblRed0613_110920-TetC-29.wav,Te
LblRed0613_110920-TetC-30.wav,Te
LblRed0613_110920-WhineC-01.wav,Wh
LblRed0613_110920-WhineC-02.wav,Wh
LblRed0613_110920-WhineC-04.wav,Wh
LblRed0613_110920-WhineC-05.wav,Wh
LblRed0613_110920-WhineC-06.wav,Wh
LblRed0613_110920-WhineC-07.wav,Wh
LblRed0613_110921-AggC-08.wav,Ag
LblRed0613_110921-WhineC-09.wav,Wh
LblRed0613_110921-WhineC-10.wav,Wh
LblRed0613_110921-WhineC-11.wav,Wh
LblRed0613_110921-WhineC-12.wav,Wh
LblRed0613_110921-WhineC-13.wav,Wh
LblRed0613_110922-AggC-10.wav,Ag
LblRed0613_110922-AggC-11.wav,Ag
LblRed0613_110922-WhineC-14.wav,Wh
LblRed0613_110922-WhineC-15.wav,Wh
LblRed0613_110922-WhineC-16.wav,Wh
LblRed0613_110922-WhineC-17.wav,Wh
LblRed0613_110923-WhineC-18.wav,Wh
LblRed0613_110923-WhineC-19.wav,Wh
LblRed0613_110923-WhineC-20.wav,Wh
LblRed0613_110923-WhineC-21.wav,Wh
LblRed0613_110923-WhineC-22.wav,Wh
LblRed0613_110923-WhineC-23.wav,Wh
LblRed0613_110923-WhineC-25.wav,Wh
LblRed0613_110923-WhineC-26.wav,Wh
LblRed0613_110923-WhineC-27.wav,Wh
LblRed0613_110923-WhineC-28.wav,Wh
LblRed0613_110923-WhineC-29.wav,Wh
LblRed0613_110923-WhineC-30.wav,Wh
LblRed0613_110923-WhineC-31.wav,Wh
LblRed0613_110923-WhineC-32.wav,Wh
LblRed0613_110923-WhineC-33.wav,Wh
LblRed0613_110923-WhineC-34.wav,Wh
LblRed0613_110923-WhineC-35.wav,Wh
LblRed0613_110923-WhineC-36.wav,Wh
LblRed0613_110923-WhineC-37.wav,Wh
LblRed0613_110923-WhineC-38.wav,Wh
LblRed0613_110923-WhineC-39.wav,Wh
LblRed0613_110923-WhineC-40.wav,Wh
LblRed0613_110923-WhineC-41.wav,Wh
LblRed0613_110923-WhineC-42.wav,Wh
LblRed0613_110923-WhineC-43.wav,Wh
LblRed0613_111004-AggC-14.wav,Ag
LblRed0613_111004-AggC-21.wav,Ag
LblRed0613_111004-AggC-22.wav,Ag
LblRed0613_111006-AggC-25.wav,Ag
LblRed0613_111006-AggC-26.wav,Ag
LblRed0613_111006-AggC-27.wav,Ag
LblRed0613_111006-AggC-28.wav,Ag
LblRed0613_111006-AggC-29.wav,Ag
LblRed0613_111006-AggC-30.wav,Ag
LblRed0613_111006-DC-04.wav,DC
LblRed0613_111006-DC-05.wav,DC
LblRed0613_111006-DC-06.wav,DC
LblRed0613_111006-DC-07.wav,DC
LblRed0613_111006-DC-08.wav,DC
LblRed0613_111013-DC-09.wav,DC
LblRed0613_111013-DC-10.wav,DC
LblRed0613_111013-DC-11.wav,DC
LblRed0613_111013-DC-12.wav,DC
LblRed0613_111013-DC-13.wav,DC
LblRed0613_111013-DC-14.wav,DC
LblRed0613_111013-DC-15.wav,DC
LblRed0613_111013-DC-16.wav,DC
LblRed0613_111013-DC-17.wav,DC
LblRed0613_111013-DC-18.wav,DC
LblRed0613_111013-DC-19.wav,DC
LblRed0613_111013-DC-20.wav,DC
LblRed0613_111013-DC-22.wav,DC
LblRed0613_111013-DC-23.wav,DC
LblRed0613_111013-DC-24.wav,DC
LblRed0613_111013-DC-25.wav,DC
LblRed0613_111013-DC-26.wav,DC
LblRed0613_111013-DC-27.wav,DC
LblRed0613_111018-AggC-35.wav,Ag
LblRed0613_111121-ThukC-12.wav,Th
LblRed0613_111121-ThukC-13.wav,Th
LblRed0613_111121-ThukC-14.wav,Th
LblRed0613_111121-ThukC-15.wav,Th
LblRed0613_111121-ThukC-16.wav,Th
LblRed0613_111121-ThukC-17.wav,Th
LblRed0613_111121-ThukC-18.wav,Th
LblRed0613_111202-DC-28.wav,DC
LblRed0613_111202-DC-29.wav,DC
LblRed0613_111202-DC-30.wav,DC
LblRed0613_111202-DC-31.wav,DC
LblRed0613_111202-DC-32.wav,DC
LblRed0613_111202-DC-33.wav,DC
LblRed0613_111202-DC-34.wav,DC
LblRed0613_111202-DC-35.wav,DC
LblRed0613_111202-DC-36.wav,DC
LblRed0613_111202-DC-37.wav,DC
LblRed0613_111202-DC-38.wav,DC
LblRed0613_111202-DC-39.wav,DC
LblRed0613_111202-DC-40.wav,DC
LblRed0613_111202-ThukC-01.wav,Th
LblRed0613_111202-ThukC-02.wav,Th
LblRed0613_111202-ThukC-03.wav,Th
LblRed0613_111202-ThukC-04.wav,Th
LblRed0613_111202-ThukC-05.wav,Th
LblRed0613_111202-ThukC-06.wav,Th
LblRed0613_111202-TukC-01.wav,Tu
LblRed0613_111202-TukC-02.wav,Tu
LblRed0613_111202-TukC-03.wav,Tu
LblRed0613_111202-TukC-04.wav,Tu
LblRed0613_111202-TukC-05.wav,Tu
LblRed0613_111202-TukC-06.wav,Tu
LblRed0613_111202-TukC-07.wav,Tu
LblRed0613_111202-TukC-08.wav,Tu
LblRed0613_111208-ThukC-07.wav,Th
LblRed0613_111208-ThukC-08.wav,Th
LblRed0613_111208-ThukC-09.wav,Th
LblRed0613_111208-ThukC-10.wav,Th
LblRed0613_111208-ThukC-11.wav,Th
PurRas20dd_110406-TetC-01.wav,Te
PurRas20dd_110411-AggC-04.wav,Ag
PurRas20dd_110411-DC-02.wav,DC
PurRas20dd_110411-DC-03.wav,DC
PurRas20dd_110411-TetC-02.wav,Te
PurRas20dd_110411-TetC-03.wav,Te
PurRas20dd_110411-TetC-04.wav,Te
PurRas20dd_110411-TetC-05.wav,Te
PurRas20dd_110411-TetC-06.wav,Te
PurRas20dd_110411-TetC-07.wav,Te
PurRas20dd_110411-TetC-08.wav,Te
PurRas20dd_110411-TetC-09.wav,Te
PurRas20dd_110411-TetC-10.wav,Te
PurRas20dd_110411-TetC-11.wav,Te
PurRas20dd_110411-TetC-12.wav,Te
PurRas20dd_110411-TetC-13.wav,Te
PurRas20dd_110411-TetC-14.wav,Te
PurRas20dd_110411-TetC-15.wav,Te
PurRas20dd_110411-TetC-16.wav,Te
PurRas20dd_110411-TetC-17.wav,Te
PurRas20dd_110411-TetC-18.wav,Te
PurRas20dd_110411-TetC-19.wav,Te
PurRas20dd_110411-TetC-20.wav,Te
PurRas20dd_110411-TetC-21.wav,Te
PurRas20dd_110411-TetC-22.wav,Te
PurRas20dd_110411-TetC-23.wav,Te
PurRas20dd_110411-TetC-24.wav,Te
PurRas20dd_110411-TetC-25.wav,Te
PurRas20dd_110411-TetC-26.wav,Te
PurRas20dd_110411-TetC-27.wav,Te
PurRas20dd_110411-TetC-28.wav,Te
PurRas20dd_110411-TetC-29.wav,Te
PurRas20dd_110411-TetC-30.wav,Te
PurRas20dd_110414-DC-04.wav,DC
PurRas20dd_110425-AggC-08.wav,Ag
PurRas20dd_110425-AggC-09.wav,Ag
PurRas20dd_110425-DC-05.wav,DC
PurRas20dd_110429-DC-06.wav,DC
PurRas20dd_110429-DC-07.wav,DC
PurRas20dd_110429-DC-08.wav,DC
PurRas20dd_110429-DC-09.wav,DC
PurRas20dd_110429-DC-10.wav,DC
PurRas20dd_110429-DC-11.wav,DC
PurRas20dd_110429-DC-12.wav,DC
PurRas20dd_110429-DC-13.wav,DC
PurRas20dd_110429-DC-14.wav,DC
PurRas20dd_110429-DC-15.wav,DC
PurRas20dd_110429-DC-16.wav,DC
PurRas20dd_110429-DC-17.wav,DC
PurRas20dd_110429-DC-18.wav,DC
PurRas20dd_110429-DC-19.wav,DC
PurRas20dd_110429-DC-20.wav,DC
PurRas20dd_110429-DC-21.wav,DC
PurRas20dd_110429-DC-22.wav,DC
PurRas20dd_110429-DC-23.wav,DC
PurRas20dd_110429-DC-24.wav,DC
PurRas20dd_110429-DC-25.wav,DC
PurRas20dd_110429-DC-26.wav,DC
PurRas20dd_110429-DC-27.wav,DC
PurRas20dd_110429-DC-28.wav,DC
PurRas20dd_110429-DC-29.wav,DC
PurRas20dd_110509-AggC-15.wav,Ag
PurRas20dd_110606-AggC-17.wav,Ag
PurRas20dd_110606-AggC-18.wav,Ag
PurRas20dd_110606-AggC-19.wav,Ag
PurRas20dd_110606-AggC-20.wav,Ag
PurRas20dd_110606-AggC-22.wav,Ag
PurRas20dd_110606-NestC-01.wav,Ne
PurRas20dd_110606-NestC-02.wav,Ne
PurRas20dd_110606-NestSeq-03a.wav,Ne
PurRas20dd_110606-NestSeq-03b.wav,Ne
PurRas20dd_110606-NestSeq-03c.wav,Ne
PurRas20dd_110608-NestC-06.wav,Ne
PurRas20dd_110608-NestC-07.wav,Ne
PurRas20dd_110608-NestC-08.wav,Ne
PurRas20dd_110608-NestSeq-05.wav,Ne
PurRas20dd_110608-TukC-01.wav,Tu
PurRas20dd_110608-TukC-02.wav,Tu
PurRas20dd_110608-TukC-03.wav,Tu
PurRas20dd_110608-TukC-04.wav,Tu
PurRas20dd_110608-TukC-05.wav,Tu
PurRas20dd_110608-TukC-06.wav,Tu
PurRas20dd_110608-TukC-07.wav,Tu
PurRas20dd_110608-TukC-08.wav,Tu
PurRas20dd_110608-TukC-09.wav,Tu
RedRas3600_110615-DC-01.wav,DC
RedRas3600_110615-DC-02.wav,DC
RedRas3600_110615-DC-03.wav,DC
RedRas3600_110615-DC-04.wav,DC
RedRas3600_110615-DC-05.wav,DC
RedRas3600_110615-DC-06.wav,DC
RedRas3600_110615-DC-07.wav,DC
RedRas3600_110615-DC-08.wav,DC
RedRas3600_110615-DC-09.wav,DC
RedRas3600_110615-DC-10.wav,DC
RedRas3600_110615-Song-01.wav,So
RedRas3600_110615-Song-02.wav,So
RedRas3600_110615-Song-04.wav,So
RedRas3600_110615-Song-05.wav,So
RedRas3600_110615-Song-06.wav,So
Unknown000_110302-AggC-01.wav,Ag
Unknown000_110404-NeArkC-01.wav,Ne
Unknown000_110405-AggC-06.wav,Ag
Unknown000_110405-ThuC-01.wav,Th
Unknown000_110405-ThuC-02.wav,Th
Unknown000_110405-ThuC-03.wav,Th
Unknown000_110405-ThuC-04.wav,Th
Unknown000_110405-ThuC-05.wav,Th
Unknown000_110405-ThuC-06.wav,Th
Unknown000_110405-ThuC-07.wav,Th
Unknown000_110405-ThuC-08.wav,Th
Unknown000_110405-ThuC-09.wav,Th
Unknown000_110405-ThuC-10.wav,Th
Unknown000_110405-ThuC-11.wav,Th
Unknown00F_110328-DC-03.wav,DC
Unknown00F_110328-DC-04.wav,DC
Unknown00F_110328-DC-05.wav,DC
Unknown00F_110328-DC-06.wav,DC
Unknown00F_110328-DC-07.wav,DC
Unknown00F_110328-DC-08.wav,DC
Unknown00F_110329-DC-09.wav,DC
Unknown00F_110329-DC-10.wav,DC
Unknown00F_110329-DC-11.wav,DC
Unknown00F_110404-DC-12.wav,DC
Unknown00F_110404-DC-13.wav,DC
Unknown00F_110404-DC-14.wav,DC
Unknown00F_110404-DC-15.wav,DC
Unknown00F_110404-DC-16.wav,DC
Unknown00F_110404-DC-17.wav,DC
Unknown00F_110404-DC-18.wav,DC
Unknown00F_110404-DC-19.wav,DC
Unknown00F_110404-DC-20.wav,DC
Unknown00F_110404-DC-21.wav,DC
Unknown00F_110405-DC-22.wav,DC
Unknown00F_110405-DC-24.wav,DC
Unknown00F_110405-DC-25.wav,DC
Unknown00F_110405-NestC-01.wav,Ne
Unknown00F_110405-NestC-02.wav,Ne
Unknown01F_110405-NestC-01.wav,Ne
Unknown01F_110405-NestC-02.wav,Ne
Unknown_110302-AggC-01.wav,Ag
Unknown_110405-AggC-06.wav,Ag
Unknown_110405-ThuC-01.wav,Th
Unknown_110405-ThuC-02.wav,Th
Unknown_110405-ThuC-03.wav,Th
Unknown_110405-ThuC-04.wav,Th
Unknown_110405-ThuC-05.wav,Th
Unknown_110405-ThuC-06.wav,Th
Unknown_110405-ThuC-07.wav,Th
Unknown_110405-ThuC-08.wav,Th
Unknown_110405-ThuC-09.wav,Th
Unknown_110405-ThuC-10.wav,Th
Unknown_110405-ThuC-11.wav,Th
WhiBlu4818_110318-TetC-01.wav,Te
WhiBlu4818_110328-Song-04.wav,So
WhiBlu4818_110328-Song-05.wav,So
WhiBlu4818_110328-TetC-03.wav,Te
WhiBlu4818_110328-TetC-04.wav,Te
WhiBlu4818_110329-DC-01.wav,DC
WhiBlu4818_110329-TetC-05.wav,Te
WhiBlu4818_110329-TetC-06.wav,Te
WhiBlu4818_110329-TetC-07.wav,Te
WhiBlu4818_110329-TetC-09.wav,Te
WhiBlu4818_110329-TetC-10.wav,Te
WhiBlu4818_110329-TetC-11.wav,Te
WhiBlu4818_110329-TetC-12.wav,Te
WhiBlu4818_110329-TetC-13.wav,Te
WhiBlu4818_110329-TetC-14.wav,Te
WhiBlu4818_110329-TetC-15.wav,Te
WhiBlu4818_110329-TetC-16.wav,Te
WhiBlu4818_110329-TetC-17.wav,Te
WhiBlu4818_110329-TetC-18.wav,Te
WhiBlu4818_110329-TetC-19.wav,Te
WhiBlu4818_110329-TetC-20.wav,Te
WhiBlu4818_110404-AggC-05.wav,Ag
WhiBlu4818_110404-AggC-06.wav,Ag
WhiBlu4818_110404-AggC-07.wav,Ag
WhiBlu4818_110404-DC-02.wav,DC
WhiBlu4818_110404-DC-03.wav,DC
WhiBlu4818_110404-DC-04.wav,DC
WhiBlu4818_110404-Song-09.wav,So
WhiBlu4818_110404-Song-11.wav,So
WhiBlu4818_110404-Song-22.wav,So
WhiBlu4818_110405-DC-05.wav,DC
WhiBlu4818_110405-ThuC-01.wav,Th
WhiBlu4818_110405-ThuC-02.wav,Th
WhiBlu4818_110405-ThuC-03.wav,Th
WhiBlu4818_110405-ThuC-04.wav,Th
WhiBlu4818_110405-ThuC-05.wav,Th
WhiBlu4917_110302-NekakleC-01.wav,Ne
WhiBlu4917_110302-NekakleC-02.wav,Ne
WhiBlu4917_110302-NekakleC-03.wav,Ne
WhiBlu4917_110302-NekakleC-04.wav,Ne
WhiBlu4917_110302-NekakleC-05.wav,Ne
WhiBlu4917_110302-NekakleC-06.wav,Ne
WhiBlu4917_110302-NekakleC-07.wav,Ne
WhiBlu4917_110304-DC-01.wav,DC
WhiBlu4917_110304-DC-05.wav,DC
WhiBlu4917_110304-TetC-01.wav,Te
WhiBlu4917_110304-TetC-02.wav,Te
WhiBlu4917_110304-TetC-04.wav,Te
WhiBlu4917_110304-TetC-08.wav,Te
WhiBlu4917_110304-TetC-09.wav,Te
WhiBlu4917_110304-TetC-11.wav,Te
WhiBlu4917_110304-TetC-12.wav,Te
WhiBlu4917_110318-TetC-13.wav,Te
WhiBlu4917_110318-TetC-15.wav,Te
WhiBlu4917_110318-TetC-16.wav,Te
WhiBlu4917_110318-TetC-17.wav,Te
WhiBlu4917_110318-TetC-19.wav,Te
WhiBlu4917_110318-TetC-22.wav,Te
WhiBlu4917_110318-TetC-23.wav,Te
WhiBlu4917_110318-TetC-24.wav,Te
WhiBlu4917_110318-TetC-25.wav,Te
WhiBlu4917_110328-DC-06.wav,DC
WhiBlu4917_110328-DC-08.wav,DC
WhiBlu4917_110328-DC-09.wav,DC
WhiBlu4917_110328-DC-18.wav,DC
WhiBlu4917_110328-DC-19.wav,DC
WhiBlu4917_110328-TetC-27.wav,Te
WhiBlu4917_110404-AggC-01.wav,Ag
WhiBlu4917_110404-NeArkC-01.wav,Ne
WhiBlu4917_110404-NeArkC-02.wav,Ne
WhiBlu4917_110404-NeArkC-04.wav,Ne
WhiBlu4917_110404-NeArkC-05.wav,Ne
WhiBlu4917_110404-NeArkC-06.wav,Ne
WhiBlu4917_110404-NeArkC-07.wav,Ne
WhiBlu4917_110404-NekakleC-08.wav,Ne
WhiBlu4917_110405-DC-20.wav,DC
WhiBlu4917_110405-DC-22.wav,DC
WhiBlu4917_110405-NeArkC-10.wav,Ne
WhiBlu4917_110405-NekakleC-09.wav,Ne
WhiBlu4917_110405-NekakleC-10.wav,Ne
WhiBlu4917_110405-NekakleC-11.wav,Ne
WhiBlu4917_110405-NekakleC-12.wav,Ne
WhiBlu4917_110405-NekakleC-13.wav,Ne
WhiBlu4917_110405-ThuC-01.wav,Th
WhiBlu4917_110405-ThuC-02.wav,Th
WhiBlu4917_110405-ThuC-03.wav,Th
WhiBlu4917_110405-ThuC-04.wav,Th
WhiBlu4917_110405-ThuC-05.wav,Th
WhiBlu4917_110405-ThuC-07.wav,Th
WhiBlu4917_110405-ThuC-08.wav,Th
WhiBlu4917_110405-ThuC-09.wav,Th
WhiBlu5698_110304-AggC-03.wav,Ag
WhiBlu5698_110304-AggC-04.wav,Ag
WhiBlu5698_110304-AggC-06.wav,Ag
WhiBlu5698_110304-AggC-07.wav,Ag
WhiBlu5698_110304-AggC-08.wav,Ag
WhiBlu5698_110304-DC-02.wav,DC
WhiBlu5698_110304-DC-03.wav,DC
WhiBlu5698_110304-DC-04.wav,DC
WhiBlu5698_110304-NeKakleC-02.wav,Ne
WhiBlu5698_110304-NeKakleC-03.wav,Ne
WhiBlu5698_110304-NeKakleC-04.wav,Ne
WhiBlu5698_110304-NestC-01.wav,Ne
WhiBlu5698_110304-NestC-02.wav,Ne
WhiBlu5698_110304-Song-02.wav,So
WhiBlu5698_110304-TetC-01.wav,Te
WhiBlu5698_110304-TetC-02.wav,Te
WhiBlu5698_110304-TetC-04.wav,Te
WhiBlu5698_110304-TetC-05.wav,Te
WhiBlu5698_110304-TetC-07.wav,Te
WhiBlu5698_110304-TetC-13.wav,Te
WhiBlu5698_110304-TetC-14.wav,Te
WhiBlu5698_110304-TetC-15.wav,Te
WhiBlu5698_110304-WhineC-02.wav,Wh
WhiBlu5698_110304-WhineC-04.wav,Wh
WhiBlu5698_110304-WhineC-06.wav,Wh
WhiBlu5698_110304-WhineC-07.wav,Wh
WhiBlu5698_110328-DC-06.wav,DC
WhiBlu5698_110328-DC-07.wav,DC
WhiBlu5698_110328-DC-08.wav,DC
WhiBlu5698_110329-DC-11.wav,DC
WhiBlu5698_110329-DC-12.wav,DC
WhiBlu5698_110329-DC-14.wav,DC
WhiBlu5698_110329-DC-16.wav,DC
WhiBlu5698_110329-DC-17.wav,DC
WhiBlu5698_110329-TetC-16.wav,Te
WhiBlu5698_110329-TetC-17.wav,Te
WhiBlu5698_110329-TetC-18.wav,Te
WhiBlu5698_110329-TetC-19.wav,Te
WhiBlu5698_110329-TetC-20.wav,Te
WhiBlu5698_110329-TetC-22.wav,Te
WhiBlu5698_110329-TetC-23.wav,Te
WhiBlu5698_110329-TetC-24.wav,Te
WhiBlu5698_110329-TetC-26.wav,Te
WhiBlu5698_110404-AggC-10.wav,Ag
WhiBlu5698_110404-NeKakleC-09.wav,Ne
WhiBlu5698_110404-NeKakleC-10.wav,Ne
WhiBlu5698_110404-NeKakleC-12.wav,Ne
WhiBlu5698_110404-NeKakleC-13.wav,Ne
WhiBlu5698_110404-NeKakleC-15.wav,Ne
WhiBlu5698_110404-NeKakleC-16.wav,Ne
WhiBlu5698_110404-NeKakleC-17.wav,Ne
WhiBlu5698_110404-NeKakleC-18.wav,Ne
WhiBlu5698_110404-NestC-05.wav,Ne
WhiBlu5698_110404-NestC-06.wav,Ne
WhiBlu5698_110404-Song-08.wav,So
WhiBlu5698_110404-Song-12.wav,So
WhiBlu5698_110404-Song-18.wav,So
WhiBlu5698_110404-Song-24.wav,So
WhiBlu5698_110404-Song-25.wav,So
WhiBlu5698_110404-WhineC-10.wav,Wh
WhiBlu5698_110404-WhineC-11.wav,Wh
WhiBlu5698_110405-AggC-11.wav,Ag
WhiBlu5698_110405-AggC-13.wav,Ag
WhiBlu5698_110405-AggC-14.wav,Ag
WhiBlu5698_110405-DC-23.wav,DC
WhiBlu5698_110405-NeKakleC-24.wav,Ne
WhiBlu5698_110405-NeKakleC-25.wav,Ne
WhiBlu5698_110405-NeKakleC-26.wav,Ne
WhiBlu5698_110405-NestC-08.wav,Ne
WhiBlu5698_110405-NestC-10.wav,Ne
WhiBlu5698_110405-NestC-12.wav,Ne
WhiBlu5698_110405-NestC-13.wav,Ne
WhiBlu5698_110405-NestC-14.wav,Ne
WhiBlu5698_110405-Song-30.wav,So
WhiBlu5698_110405-Song-31.wav,So
WhiBlu5698_110405-ThuC-01.wav,Th
WhiBlu5698_110405-ThuC-04.wav,Th
WhiBlu5698_110405-ThuC-06.wav,Th
WhiBlu5698_110405-ThuC-07.wav,Th
WhiBlu5698_110405-WhineC-15.wav,Wh
WhiBlu5698_110405-WhineC-18.wav,Wh
WhiBlu5698_110405-WhineC-19.wav,Wh
WhiBlu5698_110405-WhineC-20.wav,Wh
WhiGra0114_110302-AggC-01.wav,Ag
WhiGra0114_110302-NeArkC-02.wav,Ne
WhiGra0114_110302-NekakleC-02.wav,Ne
WhiGra0114_110302-NekakleC-03.wav,Ne
WhiGra0114_110318-DC-03.wav,DC
WhiGra0114_110318-DC-04.wav,DC
WhiGra0114_110318-TetC-02.wav,Te
WhiGra0114_110318-TetC-05.wav,Te
WhiGra0114_110318-TetC-07.wav,Te
WhiGra0114_110318-TetC-10.wav,Te
WhiGra0114_110318-TetC-11.wav,Te
WhiGra0114_110328-TetC-14.wav,Te
WhiGra0114_110329-DC-07.wav,DC
WhiGra0114_110329-DC-10.wav,DC
WhiGra0114_110329-DC-11.wav,DC
WhiGra0114_110329-DC-12.wav,DC
WhiGra0114_110329-TetC-19.wav,Te
WhiGra0114_110329-TetC-20.wav,Te
WhiGra0114_110329-TetC-21.wav,Te
WhiGra0114_110329-ThuckC-01.wav,Th
WhiGra0114_110329-ThuckC-02.wav,Th
WhiGra0114_110405-DC-13.wav,DC
WhiGra0114_110405-DC-14.wav,DC
WhiGra0114_110405-ThuC-05.wav,Th
WhiGra0114_110405-ThuC-06.wav,Th
WhiGra0114_110405-ThuC-07.wav,Th
WhiGra0114_110405-ThuC-08.wav,Th
WhiLbl0010_110411-DC-01.wav,DC
WhiLbl0010_110414-Tet-01.wav,Te
WhiLbl0010_110414-Tet-02.wav,Te
WhiLbl0010_110414-Tet-03.wav,Te
WhiLbl0010_110418-DC-02.wav,DC
WhiLbl0010_110421-DC-04.wav,DC
WhiLbl0010_110421-DC-06.wav,DC
WhiLbl0010_110421-DC-07.wav,DC
WhiLbl0010_110421-DC-08.wav,DC
WhiLbl0010_110421-DC-09.wav,DC
WhiLbl0010_110421-DC-11.wav,DC
WhiLbl0010_110421-Tet-04.wav,Te
WhiLbl0010_110421-Tet-05.wav,Te
WhiLbl0010_110421-Tet-06.wav,Te
WhiLbl0010_110421-Tet-07.wav,Te
WhiLbl0010_110421-Tet-08.wav,Te
WhiLbl0010_110421-Tet-09.wav,Te
WhiLbl0010_110421-Tet-10.wav,Te
WhiLbl0010_110421-Tet-11.wav,Te
WhiLbl0010_110421-Tet-12.wav,Te
WhiLbl0010_110421-Tet-13.wav,Te
WhiLbl0010_110421-Tet-14.wav,Te
WhiLbl0010_110421-Tet-15.wav,Te
WhiLbl0010_110422-DC-13.wav,DC
WhiLbl0010_110422-Tet-16.wav,Te
WhiLbl0010_110425-AggC-03.wav,Ag
WhiLbl0010_110425-DC-14.wav,DC
WhiLbl0010_110425-Tet-20.wav,Te
WhiLbl0010_110425-Tet-21.wav,Te
WhiLbl0010_110425-Tet-22.wav,Te
WhiLbl0010_110425-Tet-23.wav,Te
WhiLbl0010_110425-Tet-24.wav,Te
WhiLbl0010_110425-Tet-25.wav,Te
WhiLbl0010_110425-Tet-26.wav,Te
WhiLbl0010_110425-Tet-27.wav,Te
WhiLbl0010_110425-Tet-28.wav,Te
WhiLbl0010_110425-Tet-29.wav,Te
WhiLbl0010_110425-Tet-30.wav,Te
WhiLbl0010_110427-AggC-04.wav,Ag
WhiLbl0010_110428-DC-15.wav,DC
WhiLbl0010_110429-DC-16.wav,DC
WhiLbl0010_110429-DC-17.wav,DC
WhiLbl0010_110429-Song-04cut.wav,So
WhiLbl0010_110502-DC-18.wav,DC
WhiLbl0010_110502-DC-19.wav,DC
WhiLbl0010_110502-DC-20.wav,DC
WhiLbl0010_110502-DC-21.wav,DC
WhiLbl0010_110502-DC-22.wav,DC
WhiLbl0010_110502-DC-23.wav,DC
WhiLbl0010_110502-DC-24.wav,DC
WhiLbl0010_110502-DC-25.wav,DC
WhiLbl0010_110502-DC-26.wav,DC
WhiLbl0010_110502-DC-27.wav,DC
WhiLbl0010_110502-DC-28.wav,DC
WhiLbl0010_110502-DC-29.wav,DC
WhiLbl0010_110502-DC-30.wav,DC
WhiLbl0010_110509-Song-05.wav,So
WhiLbl0010_110513-Song-06.wav,So
WhiLbl0010_110513-Song-07.wav,So
WhiLbl0010_110601-Song-08.wav,So
WhiLbl0010_110606-AggC-06.wav,Ag
WhiLbl0010_110606-AggC-08.wav,Ag
WhiLbl0010_110606-AggC-09.wav,Ag
WhiLbl0010_110606-AggC-11.wav,Ag
WhiLbl0010_110606-AggC-12.wav,Ag
WhiLbl0010_110606-AggC-13.wav,Ag
WhiLbl0010_110606-AggC-15.wav,Ag
WhiLbl0010_110606-NestC-02.wav,Ne
WhiLbl0010_110606-NestC-05.wav,Ne
WhiLbl0010_110606-NestC-06.wav,Ne
WhiLbl0010_110606-NestC-07.wav,Ne
WhiLbl0010_110606-NestC-08.wav,Ne
WhiLbl0010_110606-NestC-12.wav,Ne
WhiLbl0010_110606-NestC-13.wav,Ne
WhiLbl0010_110606-NestC-14.wav,Ne
WhiLbl0010_110606-NestC-15.wav,Ne
WhiLbl0010_110606-NestC-16.wav,Ne
WhiLbl0010_110606-NestC-17.wav,Ne
WhiLbl0010_110606-NestC-20.wav,Ne
WhiLbl0010_110606-NestC-21.wav,Ne
WhiLbl0010_110606-NestC-22.wav,Ne
WhiLbl0010_110606-NestC-23.wav,Ne
WhiLbl0010_110606-NestC-24.wav,Ne
WhiLbl0010_110606-NestC-25.wav,Ne
WhiLbl0010_110606-NestC-27.wav,Ne
WhiLbl0010_110606-NestC-28.wav,Ne
WhiLbl0010_110606-NestC-33.wav,Ne
WhiLbl0010_110606-NestC-35.wav,Ne
WhiLbl0010_110606-NestC-36.wav,Ne
WhiLbl0010_110606-NestC-37.wav,Ne
WhiLbl0010_110606-NestC-38.wav,Ne
WhiLbl0010_110606-NestC-39.wav,Ne
WhiLbl0010_110606-NestC-40.wav,Ne
WhiLbl0010_110606-NestCSeq-10.wav,Ne
WhiLbl0010_110606-NestCSeq-18.wav,Ne
WhiLbl0010_110606-NestCSeq-26.wav,Ne
WhiLbl0010_110606-NestCSeq-31.wav,Ne
WhiLbl0010_110606-NestCSeq-32.wav,Ne
WhiLbl0010_110606-NestCSeq-34.wav,Ne
WhiLbl0010_110607-AggC-18.wav,Ag
WhiLbl0010_110607-AggC-19.wav,Ag
WhiLbl0010_110607-AggC-22.wav,Ag
WhiLbl0010_110607-TukC-01.wav,Tu
WhiLbl0010_110607-TukC-02.wav,Tu
WhiLbl0010_110607-TukC-03.wav,Tu
WhiLbl0010_110607-TukC-04.wav,Tu
WhiLbl0010_110607-TukC-05.wav,Tu
WhiLbl0010_110607-TukC-06.wav,Tu
WhiLbl0010_110607-TukC-07.wav,Tu
WhiLbl0010_110607-TukC-08.wav,Tu
WhiLbl0010_110607-TukC-09.wav,Tu
WhiLbl0010_110607-TukC-10.wav,Tu
WhiLbl0010_110607-TukC-11.wav,Tu
WhiLbl0010_110607-TukC-12.wav,Tu
WhiLbl0010_110607-TukC-13.wav,Tu
WhiLbl0010_110607-TukC-14.wav,Tu
WhiLbl0010_110607-TukC-15.wav,Tu
WhiLbl0010_110607-TukC-16.wav,Tu
WhiLbl0010_110607-TukC-17.wav,Tu
WhiLbl0010_110607-TukC-18.wav,Tu
WhiLbl0010_110607-TukC-19.wav,Tu
WhiLbl0010_110607-TukC-20.wav,Tu
WhiLbl0010_110608-AggC-26.wav,Ag
WhiLbl0010_110608-AggC-27.wav,Ag
WhiLbl0010_110608-TukC-21.wav,Tu
WhiLbl0010_110608-TukC-22.wav,Tu
WhiLbl0010_110608-TukC-23.wav,Tu
WhiLbl0010_110608-TukC-24.wav,Tu
WhiLbl0010_110608-TukC-25.wav,Tu
WhiLbl0010_110608-TukC-26.wav,Tu
WhiLbl0010_110609-AggC-28.wav,Ag
WhiRas44dd_110615-TetC-01.wav,Te
WhiRas44dd_110615-TetC-02.wav,Te
WhiRas44dd_110616-AggC-05.wav,Ag
WhiRas44dd_110616-AggC-08.wav,Ag
WhiRas44dd_110616-AggC-10.wav,Ag
WhiRas44dd_110616-AggC-11.wav,Ag
WhiRas44dd_110616-TetC-03.wav,Te
WhiRas44dd_110616-TetC-04.wav,Te
WhiRas44dd_110616-TetC-05.wav,Te
WhiRas44dd_110616-TetC-06.wav,Te
WhiRas44dd_110616-TetC-07.wav,Te
WhiRas44dd_110616-TetC-08.wav,Te
WhiRas44dd_110616-TetC-09.wav,Te
WhiRas44dd_110616-TetC-10.wav,Te
WhiRas44dd_110616-TetC-11.wav,Te
WhiRas44dd_110616-TetC-12.wav,Te
WhiRas44dd_110616-TetC-13.wav,Te
WhiRas44dd_110616-TetC-14.wav,Te
WhiRas44dd_110616-TetC-15.wav,Te
WhiRas44dd_110616-TetC-16.wav,Te
WhiRas44dd_110616-TetC-17.wav,Te
WhiRas44dd_110616-TetC-18.wav,Te
WhiRas44dd_110616-TetC-19.wav,Te
WhiRas44dd_110616-TetC-20.wav,Te
WhiRas44dd_110616-TetC-21.wav,Te
WhiRas44dd_110616-TetC-22.wav,Te
WhiRas44dd_110616-TetC-23.wav,Te
WhiRas44dd_110616-TetC-24.wav,Te
WhiRas44dd_110616-TetC-25.wav,Te
WhiRas44dd_110616-TetC-26.wav,Te
WhiRas44dd_110616-TetC-27.wav,Te
WhiRas44dd_110616-TetC-28.wav,Te
WhiRas44dd_110616-TetC-29.wav,Te
WhiRas44dd_110616-TetC-30.wav,Te
WhiRas44dd_110617-DC-01.wav,DC
WhiRas44dd_110617-DC-02.wav,DC
WhiRas44dd_110620-DC-03.wav,DC
WhiRas44dd_110620-DC-04.wav,DC
WhiRas44dd_110620-DC-05.wav,DC
WhiRas44dd_110620-DC-06.wav,DC
WhiRas44dd_110620-DC-07.wav,DC
WhiRas44dd_110620-DC-08.wav,DC
WhiRas44dd_110620-DC-09.wav,DC
WhiRas44dd_110620-DC-10.wav,DC
WhiRas44dd_110620-DC-11.wav,DC
WhiRas44dd_110620-DC-12.wav,DC
WhiRas44dd_110620-DC-13.wav,DC
WhiRas44dd_110620-DC-14.wav,DC
WhiRas44dd_110620-DC-15.wav,DC
WhiRas44dd_110620-DC-16.wav,DC
WhiRas44dd_110620-DC-17.wav,DC
WhiRas44dd_110620-DC-18.wav,DC
WhiRas44dd_110620-DC-19.wav,DC
WhiRas44dd_110620-DC-20.wav,DC
WhiRas44dd_110620-DC-21.wav,DC
WhiRas44dd_110620-DC-22.wav,DC
WhiRas44dd_110620-DC-23.wav,DC
WhiRas44dd_110620-DC-24.wav,DC
WhiRas44dd_110620-DC-25.wav,DC
WhiRas44dd_110620-DC-26.wav,DC
WhiRas44dd_110620-TukC-01.wav,Tu
WhiRas44dd_110620-TukC-02.wav,Tu
WhiRas44dd_110620-TukC-03.wav,Tu
WhiRas44dd_110620-TukC-04.wav,Tu
WhiRas44dd_110620-TukC-05.wav,Tu
WhiRas44dd_110620-TukC-06.wav,Tu
WhiRas44dd_110620-TukC-07.wav,Tu
WhiRas44dd_110620-TukC-08.wav,Tu
WhiRas44dd_110620-TukC-09.wav,Tu
WhiRas44dd_110620-TukC-10.wav,Tu
WhiRas44dd_110620-TukC-11.wav,Tu
WhiRas44dd_110620-TukC-12.wav,Tu
WhiRas44dd_110620-TukC-13.wav,Tu
WhiRas44dd_110620-TukC-14.wav,Tu
WhiRas44dd_110620-TukC-15.wav,Tu
WhiRas44dd_110620-TukC-16.wav,Tu
WhiRas44dd_110620-TukC-17.wav,Tu
WhiRas44dd_110620-TukC-18.wav,Tu
WhiRas44dd_110620-TukC-19.wav,Tu
WhiRas44dd_110620-TukC-20.wav,Tu
WhiRas44dd_110620-TukC-21.wav,Tu
WhiRas44dd_110622-AggC-17.wav,Ag
WhiRas44dd_110623-AggC-21.wav,Ag
WhiRas44dd_110629-TukC-23.wav,Tu
WhiRas44dd_110629-TukC-24.wav,Tu
WhiRas44dd_110629-TukC-25.wav,Tu
WhiRas44dd_110629-TukC-26.wav,Tu
WhiRas44dd_110629-TukC-27.wav,Tu
WhiRas44dd_110701-AggC-24.wav,Ag
WhiRas44dd_110701-DC-27.wav,DC
WhiRas44dd_110701-DC-28.wav,DC
WhiRas44dd_110701-DC-29.wav,DC
WhiRas44dd_110701-DC-30.wav,DC
WhiRas44dd_110706-NestC-04.wav,Ne
WhiRas44dd_110706-NestC-06.wav,Ne
WhiRas44dd_110706-NestC-07.wav,Ne
WhiRas44dd_110706-NestC-08.wav,Ne
WhiRas44dd_110706-NestC-10.wav,Ne
WhiRas44dd_110706-NestC-12.wav,Ne
WhiRas44dd_110706-NestCSeq-02.wav,Ne
WhiRas44dd_110706-NestCSeq-05.wav,Ne
WhiRas44dd_110706-NestCSeq-11.wav,Ne
WhiRas44dd_110706-NestCSeq-13.wav,Ne
WhiRas44dd_110706-WhineC-01.wav,Wh
WhiRas44dd_110706-WhineC-02.wav,Wh
WhiRas44dd_110706-WhineC-03.wav,Wh
WhiRas44dd_110728-AggC-31.wav,Ag
WhiRas44dd_110729-AggC-32.wav,Ag
WhiRas44dd_110729-ThuckC-04.wav,Th
WhiRas44dd_110729-ThuckC-05.wav,Th
WhiRas44dd_110815-ThuckC-08.wav,Th
WhiRas44dd_110815-ThuckC-09.wav,Th
WhiRas44dd_110815-ThuckC-10.wav,Th
WhiRas44dd_110815-ThuckC-11.wav,Th
WhiRas44dd_110815-ThuckC-12.wav,Th
WhiRas44dd_110815-ThuckC-13.wav,Th
WhiRas44dd_110815-ThuckC-14.wav,Th
WhiRas44dd_110815-ThuckC-15.wav,Th
WhiRas44dd_110815-ThuckC-16.wav,Th
WhiRas44dd_110815-ThuckC-17.wav,Th
WhiRas44dd_110815-ThuckC-18.wav,Th
WhiRas44dd_110815-ThuckC-19.wav,Th
WhiRas44dd_110815-ThuckC-20.wav,Th
WhiRas44dd_110815-ThuckC-21.wav,Th
WhiRas44dd_110815-ThuckC-22.wav,Th
WhiRas44dd_110815-ThuckC-23.wav,Th
WhiRas44dd_110815-ThuckC-24.wav,Th
WhiRas44dd_110815-ThuckC-25.wav,Th
WhiRas44dd_110815-ThuckC-26.wav,Th
WhiRas44dd_110815-ThuckC-27.wav,Th
WhiRas44dd_110815-ThuckC-28.wav,Th
WhiRas44dd_110815-ThuckC-29.wav,Th
WhiRas44dd_110815-ThuckC-30.wav,Th
WhiRas44dd_110815-ThuckC-31.wav,Th
WhiRas44dd_110815-ThuckC-32.wav,Th
WhiRas44dd_110815-ThuckC-33.wav,Th
WhiRas44dd_110815-ThuckC-34.wav,Th
WhiRas44dd_110815-ThuckC-35.wav,Th
WhiRas44dd_110815-ThuckC-36.wav,Th
WhiRas44dd_110815-ThuckC-37.wav,Th
WhiRas44dd_110815-ThuckC-38.wav,Th
WhiRas44dd_110815-ThuckC-39.wav,Th
WhiRas44dd_110815-ThuckC-40.wav,Th
WhiRas44dd_110815-ThuckC-41.wav,Th
WhiRas44dd_110815-ThuckC-42.wav,Th
WhiRas44dd_110815-ThuckC-43.wav,Th
WhiRas44dd_110815-ThuckC-44.wav,Th
WhiRas44dd_110815-ThuckC-45.wav,Th
WhiRas44dd_110815-ThuckC-46.wav,Th
WhiRas44dd_110815-ThuckC-47.wav,Th
WhiRas44dd_110815-ThuckC-48.wav,Th
WhiRas44dd_110815-ThuckC-49.wav,Th
WhiRas44dd_110815-ThuckC-50.wav,Th
WhiWhi1415_110302-TetC-02.wav,Te
WhiWhi1415_110302-TetC-04.wav,Te
WhiWhi1415_110302-TetC-05.wav,Te
WhiWhi1415_110302-TetC-06.wav,Te
WhiWhi1415_110302-TetC-07.wav,Te
WhiWhi1415_110302-TetC-08.wav,Te
WhiWhi1415_110302-TetC-09.wav,Te
WhiWhi1415_110302-TetC-10.wav,Te
WhiWhi1415_110302-TetC-11.wav,Te
WhiWhi1415_110302-TetC-13.wav,Te
WhiWhi1415_110302-TetC-15.wav,Te
WhiWhi1415_110302-TetC-16.wav,Te
WhiWhi1415_110318-ThuC-01.wav,Th
WhiWhi1415_110318-ThuC-02.wav,Th
WhiWhi1415_110318-ThuC-03.wav,Th
WhiWhi1415_110318-ThuC-04.wav,Th
WhiWhi1415_110318-ThuC-05.wav,Th
WhiWhi1415_110318-ThuC-06.wav,Th
WhiWhi1415_110318-ThuC-07.wav,Th
WhiWhi1415_110328-DC-01.wav,DC
WhiWhi1415_110328-TetC-21.wav,Te
WhiWhi1415_110328-TetC-22.wav,Te
WhiWhi1415_110328-TetC-23.wav,Te
WhiWhi1415_110328-TetC-24.wav,Te
WhiWhi1415_110328-TetC-27.wav,Te
WhiWhi1415_110328-TetC-31.wav,Te
WhiWhi1415_110328-TetC-33.wav,Te
WhiWhi1415_110328-TetC-36.wav,Te
WhiWhi1415_110328-TetC-38.wav,Te
WhiWhi1415_110328-TetC-39.wav,Te
WhiWhi1415_110328-TetC-40.wav,Te
WhiWhi1415_110329-AggC-02.wav,Ag
WhiWhi1415_110329-DC-02.wav,DC
WhiWhi1415_110329-DC-03.wav,DC
WhiWhi1415_110329-DC-04.wav,DC
WhiWhi1415_110404-DC-05.wav,DC
WhiWhi1415_110404-ThuC-08.wav,Th
WhiWhi1415_110404-ThuC-09.wav,Th
WhiWhi1415_110404-ThuC-10.wav,Th
WhiWhi1415_110404-ThuC-11.wav,Th
WhiWhi1415_110404-ThuC-12.wav,Th
WhiWhi1415_110404-ThuC-13.wav,Th
WhiWhi1415_110405-NestC-04.wav,Ne
WhiWhi1415_110405-NestC-05.wav,Ne
WhiWhi1415_110405-NestC-06.wav,Ne
WhiWhi1415_110405-NestC-07.wav,Ne
WhiWhi1415_110405-NestC-08.wav,Ne
WhiWhi1415_110405-NestC-09.wav,Ne
WhiWhi1415_110405-NestC-10.wav,Ne
WhiWhi1415_110405-ThuC-14.wav,Th
WhiWhi1415_110405-ThuC-16.wav,Th
WhiWhi1415_110405-ThuC-17.wav,Th
WhiWhi1415_110405-ThuC-18.wav,Th
WhiWhi1415_110405-ThuC-19.wav,Th
WhiWhi1415_110405-ThuC-21.wav,Th
WhiWhi1415_110405-ThuC-22.wav,Th
WhiWhi1415_110405-ThuC-25.wav,Th
WhiWhi1415_110405-ThuC-26.wav,Th
WhiWhi1415_110405-ThuC-28.wav,Th
WhiWhi1415_110405-ThuC-29.wav,Th
WhiWhi1415_110405-ThuC-31.wav,Th
WhiWhi1415_110405-WhiC-01.wav,Wh
YelGre5275_110615-DC-01.wav,DC
YelGre5275_110615-DC-02.wav,DC
YelGre5275_110615-DC-03.wav,DC
YelGre5275_110615-DC-04.wav,DC
YelGre5275_110615-DC-05.wav,DC
YelGre5275_110615-DC-06.wav,DC
YelGre5275_110615-DC-07.wav,DC
YelGre5275_110615-DC-08.wav,DC
YelGre5275_110615-DC-10.wav,DC
YelGre5275_110615-DC-11.wav,DC
YelGre5275_110615-DC-12.wav,DC
YelGre5275_110615-TetC-01.wav,Te
YelGre5275_110615-TetC-02.wav,Te
YelGre5275_110615-TetC-03.wav,Te
YelGre5275_110615-TetC-04.wav,Te
YelGre5275_110615-TetC-05.wav,Te
YelGre5275_110615-TetC-06.wav,Te
YelGre5275_110615-TetC-07.wav,Te
YelGre5275_110615-TetC-08.wav,Te
YelGre5275_110615-TetC-09.wav,Te
YelGre5275_110615-TetC-10.wav,Te
YelGre5275_110615-TetC-11.wav,Te
YelGre5275_110615-TetC-12.wav,Te
YelGre5275_110615-TetC-13.wav,Te
YelGre5275_110615-TetC-14.wav,Te
YelGre5275_110615-TetC-15.wav,Te
YelGre5275_110615-TetC-16.wav,Te
YelGre5275_110615-TetC-17.wav,Te
YelGre5275_110615-TetC-18.wav,Te
YelGre5275_110615-TetC-19.wav,Te
YelGre5275_110615-TetC-20.wav,Te
YelGre5275_110615-TetC-21.wav,Te
YelGre5275_110615-TetC-22.wav,Te
YelGre5275_110615-TetC-23.wav,Te
YelGre5275_110615-TetC-24.wav,Te
YelGre5275_110615-TetC-25.wav,Te
YelGre5275_110615-TetC-26.wav,Te
YelGre5275_110615-TetC-27.wav,Te
YelGre5275_110615-TetC-28.wav,Te
YelGre5275_110615-TetC-29.wav,Te
YelGre5275_110615-TetC-30.wav,Te
YelGre5275_110615-TetC-31.wav,Te
YelGre5275_110615-TetC-32.wav,Te
YelGre5275_110615-TetC-33.wav,Te
YelGre5275_110616-DC-13.wav,DC
YelGre5275_110616-DC-14.wav,DC
YelGre5275_110616-DC-15.wav,DC
YelGre5275_110616-DC-16.wav,DC
YelGre5275_110616-DC-17.wav,DC
YelGre5275_110616-Song-06.wav,So
YelGre5275_110616-Song-08.wav,So
YelGre5275_110616-Song-09.wav,So
YelGre5275_110616-Song-15.wav,So
YelGre5275_110616-Song-16.wav,So
YelGre5275_110616-Song-17.wav,So
YelGre5275_110617-AggC-09.wav,Ag
YelGre5275_110620-AggC-11.wav,Ag
YelGre5275_110620-AggC-12.wav,Ag
YelGre5275_110620-NestC-01.wav,Ne
YelGre5275_110620-NestC-15.wav,Ne
YelGre5275_110620-NestC-17.wav,Ne
YelGre5275_110620-NestC-19.wav,Ne
YelGre5275_110620-NestC-20.wav,Ne
YelGre5275_110620-NestC-21.wav,Ne
YelGre5275_110620-NestCSeq-04.wav,Ne
YelGre5275_110620-NestCSeq-05.wav,Ne
YelGre5275_110620-NestCSeq-08.wav,Ne
YelGre5275_110620-NestCSeq-10.wav,Ne
YelGre5275_110620-NestCSeq-12.wav,Ne
YelGre5275_110620-NestCSeq-13.wav,Ne
YelGre5275_110620-NestCSeq-14.wav,Ne
YelGre5275_110620-NestCSeq-16.wav,Ne
YelGre5275_110620-NestCSeq-18.wav,Ne
YelGre5275_110620-Song-25.wav,So
YelGre5275_110620-Song-27.wav,So
YelGre5275_110620-Song-28.wav,So
YelGre5275_110620-Song-29.wav,So
YelGre5275_110620-Song-30.wav,So
YelGre5275_110620-Song-32.wav,So
YelGre5275_110620-Song-33.wav,So
YelGre5275_110620-Whine-01.wav,Wh
YelGre5275_110620-WhineC-02.wav,Wh
YelGre5275_110622-NestC-22.wav,Ne
YelGre5275_110622-NestC-23.wav,Ne
YelGre5275_110622-NestC-27.wav,Ne
YelGre5275_110622-NestC-28.wav,Ne
YelGre5275_110622-NestC-29.wav,Ne
YelGre5275_110622-NestC-30.wav,Ne
YelGre5275_110622-NestCSeq-24.wav,Ne
YelGre5275_110622-NestCSeq-26.wav,Ne
YelGre5275_110622-NestCSeq-31.wav,Ne
YelGre5275_110622-WhineCSeq-03.wav,Wh
YelGre5275_110623-NestCSeq-31.wav,Ne
YelGre5275_110623-TukC-01.wav,Tu
YelGre5275_110623-TukC-02.wav,Tu
YelGre5275_110623-TukC-03.wav,Tu
YelGre5275_110623-TukC-04.wav,Tu
YelGre5275_110623-TukC-05.wav,Tu
YelGre5275_110623-TukC-06.wav,Tu
YelGre5275_110623-WhineC-08.wav,Wh
YelGre5275_110623-WhineC-09.wav,Wh
YelGre5275_110623-WhineC-10.wav,Wh
YelGre5275_110623-WhineC-11.wav,Wh
YelGre5275_110623-WhineC-12.wav,Wh
YelGre5275_110623-WhineC-13.wav,Wh
YelGre5275_110623-WhineC-14.wav,Wh
YelGre5275_110623-WhineCSeq-04.wav,Wh
YelGre5275_110623-WhineCSeq-05.wav,Wh
YelGre5275_110623-WhineCSeq-06.wav,Wh
YelGre5275_110623-WhineCSeq-07cut.wav,Wh
YelGre5275_110627-NestCSeq-32.wav,Ne
YelGre5275_110627-Song-34.wav,So
YelGre5275_110627-Song-35.wav,So
YelGre5275_110627-Song-36.wav,So
YelGre5275_110629-AggC-16.wav,Ag
YelGre5275_110629-TukC-07.wav,Tu
YelGre5275_110629-TukC-08.wav,Tu
YelGre5275_110629-TukC-09.wav,Tu
YelGre5275_110629-TukC-10.wav,Tu
YelGre5275_110629-TukC-11.wav,Tu
YelGre5275_110629-TukC-12.wav,Tu
YelGre5275_110629-TukC-13.wav,Tu
YelGre5275_110629-TukC-14.wav,Tu
YelGre5275_110629-TukC-15.wav,Tu
YelGre5275_110701-DC-18.wav,DC
YelGre5275_110701-TukC-16.wav,Tu
YelGre5275_110701-TukC-18.wav,Tu
YelGre5275_110701-TukC-19.wav,Tu
YelGre5275_110701-TukC-20.wav,Tu
YelGre5275_110701-TukC-21.wav,Tu
YelGre5275_110701-TukC-22.wav,Tu
YelGre5275_110701-TukC-23.wav,Tu
YelGre5275_110701-TukC-24.wav,Tu
YelGre5275_110701-TukC-25.wav,Tu
YelGre5275_110701-TukC-26.wav,Tu
YelGre5275_110701-TukC-27.wav,Tu
YelGre5275_110701-TukC-28.wav,Tu
YelGre5275_110701-TukC-29.wav,Tu
YelGre5275_110701-TukC-30.wav,Tu
YelGre5275_110706-AggC-18.wav,Ag
YelGre5275_110706-AggC-19.wav,Ag
YelGre5275_110706-AggC-20.wav,Ag
YelGre5275_110728-AggC-21.wav,Ag
YelGre5275_110728-DC-19.wav,DC
YelGre5275_110728-DC-20.wav,DC
YelGre5275_110728-DC-21.wav,DC
YelGre5275_110728-DC-22.wav,DC
YelGre5275_110728-DC-23.wav,DC
YelGre5275_110728-DC-24.wav,DC
YelGre5275_110728-DC-25.wav,DC
YelGre5275_110728-DC-26.wav,DC
YelGre5275_110728-DC-27.wav,DC
YelGre5275_110728-DC-28.wav,DC
YelGre5275_110728-DC-29.wav,DC
YelGre5275_110728-DC-30.wav,DC
YelGre5275_110728-DC-31.wav,DC
YelGre5275_110728-DC-32.wav,DC
YelGre5275_110728-DC-33.wav,DC
YelGre5275_110728-DC-35.wav,DC
YelGre5275_110728-DC-37.wav,DC
YelGre5275_110728-DC-38.wav,DC
YelGre5275_110728-DC-39.wav,DC
YelGre5275_110728-DC-40.wav,DC
YelGre5275_110728-DC-44.wav,DC
YelGre5275_110728-ThuckC-31.wav,Th
YelGre5275_110728-ThuckC-32.wav,Th
YelGre5275_110728-ThuckC-33.wav,Th
YelGre5275_110728-ThuckC-34.wav,Th
YelGre5275_110728-ThuckC-35.wav,Th
YelGre5275_110728-ThuckC-36.wav,Th
YelGre5275_110728-ThuckC-37.wav,Th
YelGre5275_110728-ThuckC-38.wav,Th
YelGre5275_110728-ThuckC-39.wav,Th
YelGre5275_110728-ThuckC-40.wav,Th
YelGre5275_110729-AggC-23.wav,Ag
YelGre5275_110729-ThuckC-01.wav,Th
YelGre5275_110729-ThuckC-02.wav,Th
YelGre5275_110729-ThuckC-03.wav,Th
YelGre5275_110729-ThuckC-04.wav,Th
YelGre5275_110729-ThuckC-06.wav,Th
YelGre5275_110729-ThuckC-07.wav,Th
YelGre5275_110729-ThuckC-08.wav,Th
YelGre5275_110729-ThuckC-09.wav,Th
YelGre5275_110729-ThuckC-10.wav,Th
YelGre5275_110729-ThuckC-11.wav,Th
YelGre5275_110729-ThuckC-12.wav,Th
YelGre5275_110729-ThuckC-13.wav,Th
YelGre5275_110729-ThuckC-14.wav,Th
YelGre5275_110729-ThuckC-15.wav,Th
YelGre5275_110729-ThuckC-16.wav,Th
YelGre5275_110729-ThuckC-17.wav,Th
YelGre5275_110729-ThuckC-18.wav,Th
YelGre5275_110729-ThuckC-19.wav,Th
YelGre5275_110729-ThuckC-20.wav,Th
YelGre5275_110729-ThuckC-21.wav,Th
YelGre5275_110729-ThuckC-22.wav,Th
YelGre5275_110729-ThuckC-23.wav,Th
YelGre5275_110729-ThuckC-24.wav,Th
YelGre5275_110729-ThuckC-25.wav,Th
YelGre5275_110729-ThuckC-26.wav,Th
YelGre5275_110729-ThuckC-27.wav,Th
YelGre5275_110729-ThuckC-28.wav,Th
YelGre5275_110729-ThuckC-29.wav,Th
YelGre5275_110729-ThuckC-30.wav,Th
YelGre5275_110801-ThuckC-41.wav,Th
YelGre5275_110801-ThuckC-42.wav,Th
YelGre5275_110801-ThuckC-43.wav,Th
YelOra2575_110615-DC-01.wav,DC
YelOra2575_110615-DC-02.wav,DC
YelOra2575_110615-DC-03.wav,DC
YelOra2575_110615-DC-04.wav,DC
YelOra2575_110615-DC-05.wav,DC
YelOra2575_110615-DC-06.wav,DC
YelOra2575_110615-DC-07.wav,DC
YelOra2575_110615-DC-08.wav,DC
YelOra2575_110615-DC-09.wav,DC
YelOra2575_110615-DC-10.wav,DC
YelOra2575_110615-Song-02.wav,So
YelOra2575_110615-TetC-01.wav,Te
YelOra2575_110615-TetC-02.wav,Te
YelOra2575_110615-TetC-03.wav,Te
YelOra2575_110615-TetC-04.wav,Te
YelOra2575_110615-TetC-05.wav,Te
YelOra2575_110615-TetC-06.wav,Te
YelOra2575_110615-TetC-07.wav,Te
YelOra2575_110615-TetC-08.wav,Te
YelOra2575_110615-TetC-09.wav,Te
YelOra2575_110615-TetC-10.wav,Te
YelOra2575_110615-TetC-11.wav,Te
YelOra2575_110615-TetC-12.wav,Te
YelOra2575_110615-TetC-13.wav,Te
YelOra2575_110615-TetC-14.wav,Te
YelOra2575_110615-TetC-15.wav,Te
YelOra2575_110615-TetC-16.wav,Te
YelOra2575_110615-TetC-17.wav,Te
YelOra2575_110615-TetC-18.wav,Te
YelOra2575_110615-TetC-19.wav,Te
YelOra2575_110615-TetC-20.wav,Te
YelOra2575_110615-TetC-22.wav,Te
YelOra2575_110615-TetC-23.wav,Te
YelOra2575_110615-TetC-24.wav,Te
YelOra2575_110615-TetC-25.wav,Te
YelOra2575_110615-TetC-26.wav,Te
YelOra2575_110615-TetC-27.wav,Te
YelOra2575_110615-TetC-28.wav,Te
YelOra2575_110615-TetC-29.wav,Te
YelOra2575_110622-AggC-04.wav,Ag
YelOra2575_110623-DC-11.wav,DC
YelOra2575_110623-DC-14.wav,DC
YelOra2575_110623-DC-15.wav,DC
YelOra2575_110623-DC-16.wav,DC
YelOra2575_110623-Song-09.wav,So
YelOra2575_110623-TukC-0.wav,Tu
YelOra2575_110623-TukC-05.wav,Tu
YelOra2575_110623-TukC-06.wav,Tu
YelOra2575_110623-TukC-08.wav,Tu
YelOra2575_110629-DC-17.wav,DC
YelOra2575_110629-DC-18.wav,DC
YelOra2575_110629-DC-19.wav,DC
YelOra2575_110629-DC-21.wav,DC
YelOra2575_110629-DC-22.wav,DC
YelOra2575_110629-DC-23.wav,DC
YelOra2575_110629-DC-24.wav,DC
YelOra2575_110629-DC-25.wav,DC
YelOra2575_110629-DC-26.wav,DC
YelOra2575_110629-NestC-02.wav,Ne
YelOra2575_110629-Song-10.wav,So
YelOra2575_110629-Song-11.wav,So
YelOra2575_110629-TetC-30.wav,Te
YelOra2575_110630-DC-27.wav,DC
YelOra2575_110630-DC-28.wav,DC
YelOra2575_110630-DC-29.wav,DC
YelOra2575_110630-DC-30.wav,DC
YelOra2575_110630-DC-31.wav,DC
YelOra2575_110630-DC-32.wav,DC
YelOra2575_110630-DC-33.wav,DC
YelOra2575_110630-DC-34.wav,DC
YelOra2575_110630-DC-35.wav,DC
YelOra2575_110630-DC-36.wav,DC
YelOra2575_110630-DC-37.wav,DC
YelOra2575_110630-DC-38.wav,DC
YelOra2575_110630-DC-39.wav,DC
YelOra2575_110630-DC-40.wav,DC
YelOra2575_110630-DC-41.wav,DC
YelOra2575_110630-DC-42.wav,DC
YelOra2575_110630-DC-43.wav,DC
YelOra2575_110630-DC-44.wav,DC
YelOra2575_110630-DC-45.wav,DC
YelOra2575_110630-DC-46.wav,DC
YelOra2575_110630-DC-47.wav,DC
YelOra2575_110630-DC-48.wav,DC
YelOra2575_110630-DC-49.wav,DC
YelOra2575_110630-DC-50.wav,DC
YelOra2575_110630-Song-13.wav,So
YelOra2575_110630-Song-14.wav,So
YelOra2575_110630-Song-15.wav,So
YelOra2575_110630-Song-16.wav,So
YelOra2575_110630-Song-18.wav,So
YelOra2575_110630-Song-19.wav,So
YelOra2575_110630-Song-20.wav,So
YelOra2575_110630-Song-22.wav,So
YelOra2575_110630-Song-23.wav,So
YelOra2575_110630-Song-24.wav,So
YelOra2575_110630-Song-25.wav,So
YelOra2575_110630-TukC-10.wav,Tu
YelOra2575_110630-TukC-11.wav,Tu
YelOra2575_110630-TukC-12.wav,Tu
YelOra2575_110630-TukC-13.wav,Tu
YelOra2575_110630-TukC-14.wav,Tu
YelOra2575_110630-TukC-15.wav,Tu
YelOra2575_110630-TukC-16.wav,Tu
YelOra2575_110630-TukC-17.wav,Tu
YelOra2575_110630-TukC-18.wav,Tu
YelOra2575_110630-TukC-19.wav,Tu
YelOra2575_110630-TukC-20.wav,Tu
YelOra2575_110630-TukC-21.wav,Tu
YelOra2575_110630-TukC-22.wav,Tu
YelOra2575_110706-NestC-14.wav,Ne
YelOra2575_110706-NestC-15.wav,Ne
YelOra2575_110706-NestC-16.wav,Ne
YelOra2575_110706-NestC-18.wav,Ne
YelOra2575_110706-NestC-19.wav,Ne
YelOra2575_110706-NestC-21.wav,Ne
YelOra2575_110706-NestCSeq-07.wav,Ne
YelOra2575_110706-NestCSeq-08.wav,Ne
YelOra2575_110706-NestCSeq-09.wav,Ne
YelOra2575_110706-NestCSeq-10.wav,Ne
YelOra2575_110706-NestCSeq-11.wav,Ne
YelOra2575_110706-NestCSeq-12.wav,Ne
YelOra2575_110706-NestCSeq-13.wav,Ne
YelOra2575_110706-NestCSeq-17.wav,Ne
YelOra2575_110706-NestCSeq-20.wav,Ne
YelOra2575_110706-NestCSeq-22.wav,Ne
YelOra2575_110706-NestCSeq-23.wav,Ne
YelOra2575_110706-NestCSeq-25.wav,Ne
YelOra2575_110706-NestCSeq-26.wav,Ne
YelOra2575_110728-AggC-10.wav,Ag
YelOra2575_110728-AggC-18.wav,Ag
YelOra2575_110728-AggC-19.wav,Ag
YelOra2575_110728-Song-26.wav,So
YelOra2575_110729-AggC-20.wav,Ag
YelOra2575_110729-AggC-22.wav,Ag
YelOra2575_110729-AggC-23.wav,Ag
YelOra2575_110801-TukC-23.wav,Tu
YelOra2575_110801-TukC-24.wav,Tu
YelOra2575_110801-TukC-25.wav,Tu
YelOra2575_110801-TukC-26.wav,Tu
YelOra2575_110801-TukC-27.wav,Tu
YelOra2575_110801-TukC-28.wav,Tu
