season,games,home_win_pct,home_margin,league
2015,253,0.538,1.482,NFL
2016,252,0.578,2.595,NFL
2017,251,0.57,2.502,NFL
2018,253,0.606,2.344,NFL
2019,251,0.52,-0.048,NFL
2020,253,0.504,0.138,NFL
2021,269,0.511,1.565,NFL
2022,265,0.567,2.125,NFL
2023,267,0.558,2.712,NFL
2024,267,0.524,1.719,NFL
2025,265,0.538,2.185,NFL
2026,55,0.582,1.418,NFL
2015,2429,0.542,0.191,MLB
2016,2428,0.53,0.111,MLB
2017,2430,0.54,0.215,MLB
2018,2431,0.528,0.154,MLB
2019,2429,0.529,-0.012,MLB
2020,898,0.55,0.196,MLB
2021,2429,0.538,0.149,MLB
2022,2430,0.533,0.062,MLB
2023,2430,0.521,-0.039,MLB
2024,2429,0.522,-0.034,MLB
2025,2430,0.543,0.085,MLB
2026,2429,0.529,0.051,MLB
2015,1228,0.59,2.695,NBA
2016,1227,0.584,3.135,NBA
2017,1227,0.579,2.126,NBA
2018,1227,0.592,2.72,NBA
2019,1056,0.553,2.161,NBA
2020,1080,0.544,0.944,NBA
2021,1230,0.544,1.723,NBA
2022,1229,0.581,2.517,NBA
2023,1228,0.543,2.143,NBA
2024,1225,0.544,1.692,NBA
2025,1225,0.554,1.727,NBA
2015,1227,0.53,0.208,NHL
2016,1226,0.559,0.315,NHL
2017,1266,0.563,0.31,NHL
2018,1266,0.537,0.308,NHL
2019,1076,0.533,0.241,NHL
2020,866,0.532,0.262,NHL
2021,1309,0.537,0.248,NHL
2022,1306,0.523,0.173,NHL
2023,1304,0.541,0.229,NHL
2024,1306,0.563,0.324,NHL
2025,1308,0.521,0.129,NHL
2026,35,0.543,0.429,NHL
