rule,bets,win_rate,units,roi,ci_lo,ci_hi,p,max_dd
model EV >= 5%,1970,0.4888324873096447,1.092052573531813,0.000554341407884169,-90.06714401653953,91.29071745158087,0.4886,-74.67681032747477
"always over, main line",3089,0.5014567821301392,-70.1132649750569,-0.02269772255586173,-167.25158434041253,28.884395482380544,0.9204,-106.70135421539301
"always under, main line",3089,0.4985432178698608,-123.33230380396867,-0.039926288055671305,-220.91963256630336,-26.623322604832538,0.994,-127.12023676090853
model EV >= 0%,2660,0.4924812030075188,-9.485803812195014,-0.00356609165871993,-116.66622463484869,96.26580164148518,0.5812,-112.07973934242193
model EV >= 2%,2368,0.48986486486486486,-9.474143015760912,-0.004000904989763899,-109.04074820771775,89.30126251598443,0.5758,-90.10919652167988
model EV >= 5%,1970,0.4888324873096447,1.092052573531813,0.000554341407884169,-90.06714401653953,91.29071745158087,0.4886,-74.67681032747477
model EV >= 8%,1620,0.48641975308641977,5.078209770571031,0.003134697389241377,-79.14825760110452,89.01075070088525,0.4496,-80.33045966840758
model EV >= 10%,1408,0.48579545454545453,10.655223901926604,0.007567630612163781,-68.67402147551843,89.47833119066604,0.3936,-70.40423045450639
model EV >= 15%,964,0.48858921161825725,22.688468537586772,0.02353575574438462,-41.784575650270284,87.18360796893809,0.2512,-33.17453561280712
model EV >= 20%,644,0.4829192546583851,17.05555089279956,0.026483774678260186,-33.778603599050754,70.97280505106049,0.2616,-20.171632034269553
